{
  "minecraftArguments": "--username ${auth_player_name} --version ${version_name} --gameDir ${game_directory} --assetsDir ${assets_root} --assetIndex ${assets_index_name} --uuid ${auth_uuid} --accessToken ${autXXXXXXXXXXoken} --userProperties ${user_properties} --userType ${user_type} --tweakClass net.minecraftforge.fml.common.launcher.FMLTweaker",
  "mainClass": "net.minecraft.launchwrapper.Launch",
  "time": "2017-06-08T04:26:33+0000",
  "id": "1.8.9-forge1.8.9-11.15.1.2318-1.8.9",
  "type": "release",
  "releaseTime": "1960-01-01T00:00:00-0700",
  "jar": "1.8.9",
  "inheritsFrom": "1.8.9",
  "assets": "1.8",
  "minimumLauncherVersion": 14,
  "hidden": false,
  "libraries": [
    {
      "url": "http://files.minecraftforge.net/maven/",
      "name": "net.minecraftforge:forge:1.8.9-11.15.1.2318-1.8.9"
    },
    {
      "name": "net.minecraft:launchwrapper:1.12"
    },
    {
      "name": "org.ow2.asm:asm-all:5.0.3"
    },
    {
      "url": "http://files.minecraftforge.net/maven/",
      "name": "jline:jline:2.13"
    },
    {
      "url": "http://files.minecraftforge.net/maven/",
      "name": "com.typesafe.akka:akka-actor_2.11:2.3.3"
    },
    {
      "url": "http://files.minecraftforge.net/maven/",
      "name": "com.typesafe:config:1.2.1"
    },
    {
      "url": "http://files.minecraftforge.net/maven/",
      "name": "org.scala-lang:scala-actors-migration_2.11:1.1.0"
    },
    {
      "url": "http://files.minecraftforge.net/maven/",
      "name": "org.scala-lang:scala-compiler:2.11.1"
    },
    {
      "url": "http://files.minecraftforge.net/maven/",
      "name": "org.scala-lang.plugins:scala-continuations-library_2.11:1.0.2"
    },
    {
      "url": "http://files.minecraftforge.net/maven/",
      "name": "org.scala-lang.plugins:scala-continuations-plugin_2.11.1:1.0.2"
    },
    {
      "url": "http://files.minecraftforge.net/maven/",
      "name": "org.scala-lang:scala-library:2.11.1"
    },
    {
      "url": "http://files.minecraftforge.net/maven/",
      "name": "org.scala-lang:scala-parser-combinators_2.11:1.0.1"
    },
    {
      "url": "http://files.minecraftforge.net/maven/",
      "name": "org.scala-lang:scala-reflect:2.11.1"
    },
    {
      "url": "http://files.minecraftforge.net/maven/",
      "name": "org.scala-lang:scala-swing_2.11:1.0.1"
    },
    {
      "url": "http://files.minecraftforge.net/maven/",
      "name": "org.scala-lang:scala-xml_2.11:1.0.2"
    },
    {
      "name": "lzma:lzma:0.0.1"
    },
    {
      "name": "net.sf.jopt-simple:jopt-simple:4.6"
    },
    {
      "name": "java3d:vecmath:1.5.2"
    },
    {
      "name": "net.sf.trove4j:trove4j:3.0.3"
    }
  ]
}