{
  "arguments": {
    "game": [
      "--username",
      "${auth_player_name}",
      "--version",
      "${version_name}",
      "--gameDir",
      "${game_directory}",
      "--assetsDir",
      "${assets_root}",
      "--assetIndex",
      "${assets_index_name}",
      "--uuid",
      "${auth_uuid}",
      "--accessToken",
      "${auth_access_token}",
      "--clientId",
      "${clientid}",
      "--xuid",
      "${auth_xuid}",
      "--userType",
      "${user_type}",
      "--versionType",
      "${version_type}",
      {
        "rules": [
          {
            "action": "allow",
            "features": {
              "is_demo_user": true
            }
          }
        ],
        "value": "--demo"
      },
      {
        "rules": [
          {
            "action": "allow",
            "features": {
              "has_custom_resolution": true
            }
          }
        ],
        "value": [
          "--width",
          "${resolution_width}",
          "--height",
          "${resolution_height}"
        ]
      },
      "--launchTarget",
      "forgeclient",
      "--fml.forgeVersion",
      "44.0.18",
      "--fml.mcVersion",
      "1.19.3",
      "--fml.forgeGroup",
      "net.minecraftforge",
      "--fml.mcpVersion",
      "20221207.122022"
    ],
    "jvm": [
      {
        "rules": [
          {
            "action": "allow",
            "os": {
              "name": "osx"
            }
          }
        ],
        "value": [
          "-XstartOnFirstThread"
        ]
      },
      {
        "rules": [
          {
            "action": "allow",
            "os": {
              "name": "windows"
            }
          }
        ],
        "value": "-XX:HeapDumpPath=MojangTricksIntelDriversForPerformance_javaw.exe_minecraft.exe.heapdump"
      },
      {
        "rules": [
          {
            "action": "allow",
            "os": {
              "name": "windows",
              "version": "^10\\."
            }
          }
        ],
        "value": [
          "-Dos.name=Windows 10",
          "-Dos.version=10.0"
        ]
      },
      {
        "rules": [
          {
            "action": "allow",
            "os": {
              "arch": "x86"
            }
          }
        ],
        "value": "-Xss1M"
      },
      "-Djava.library.path=${natives_directory}",
      "-Dminecraft.launcher.brand=${launcher_name}",
      "-Dminecraft.launcher.version=${launcher_version}",
      "-cp",
      "${classpath}",
      "-Djava.net.preferIPv6Addresses=system",
      "-DignoreList=bootstraplauncher,securejarhandler,asm-commons,asm-util,asm-analysis,asm-tree,asm,JarJarFileSystems,client-extra,fmlcore,javafmllanguage,lowcodelanguage,mclanguage,forge-,${version_name}.jar",
      "-DmergeModules=jna-5.10.0.jar,jna-platform-5.10.0.jar",
      "-DlibraryDirectory=${library_directory}",
      "-p",
      "${library_directory}/cpw/mods/bootstraplauncher/1.1.2/bootstraplauncher-1.1.2.jar${classpath_separator}${library_directory}/cpw/mods/securejarhandler/2.1.4/securejarhandler-2.1.4.jar${classpath_separator}${library_directory}/org/ow2/asm/asm-commons/9.3/asm-commons-9.3.jar${classpath_separator}${library_directory}/org/ow2/asm/asm-util/9.3/asm-util-9.3.jar${classpath_separator}${library_directory}/org/ow2/asm/asm-analysis/9.3/asm-analysis-9.3.jar${classpath_separator}${library_directory}/org/ow2/asm/asm-tree/9.3/asm-tree-9.3.jar${classpath_separator}${library_directory}/org/ow2/asm/asm/9.3/asm-9.3.jar${classpath_separator}${library_directory}/net/minecraftforge/JarJarFileSystems/0.3.18/JarJarFileSystems-0.3.18.jar",
      "--add-modules",
      "ALL-MODULE-PATH",
      "--add-opens",
      "java.base/java.util.jar=cpw.mods.securejarhandler",
      "--add-opens",
      "java.base/java.lang.invoke=cpw.mods.securejarhandler",
      "--add-exports",
      "java.base/sun.security.util=cpw.mods.securejarhandler",
      "--add-exports",
      "jdk.naming.dns/com.sun.jndi.dns=java.naming"
    ]
  },
  "assetIndex": {
    "id": "2",
    "sha1": "c492375ded5da34b646b8c5c0842a0028bc69cec",
    "size": 390746,
    "totalSize": 548701912,
    "url": "https://piston-meta.mojang.com/v1/packages/c492375ded5da34b646b8c5c0842a0028bc69cec/2.json"
  },
  "assets": "2",
  "complianceLevel": 1,
  "downloads": {
    "client": {
      "sha1": "977727ec9ab8b4631e5c12839f064092f17663f8",
      "size": 22704188,
      "url": "https://piston-data.mojang.com/v1/objects/977727ec9ab8b4631e5c12839f064092f17663f8/client.jar"
    },
    "client_mappings": {
      "sha1": "42366909cc612e76208d34bf1356f05a88e08a1d",
      "size": 7574170,
      "url": "https://piston-data.mojang.com/v1/objects/42366909cc612e76208d34bf1356f05a88e08a1d/client.txt"
    },
    "server": {
      "sha1": "c9df48efed58511cdd0213c56b9013a7b5c9ac1f",
      "size": 47162712,
      "url": "https://piston-data.mojang.com/v1/objects/c9df48efed58511cdd0213c56b9013a7b5c9ac1f/server.jar"
    },
    "server_mappings": {
      "sha1": "bc44f6dd84cd2f3ad8c0caad850eaca9e82067e3",
      "size": 5852819,
      "url": "https://piston-data.mojang.com/v1/objects/bc44f6dd84cd2f3ad8c0caad850eaca9e82067e3/server.txt"
    }
  },
  "id": "1.19.3-Forge_44.0.18",
  "javaVersion": {
    "component": "java-runtime-gamma",
    "majorVersion": 17
  },
  "libraries": [
    {
      "downloads": {
        "artifact": {
          "path": "ca/weblite/java-objc-bridge/1.1/java-objc-bridge-1.1.jar",
          "sha1": "1227f9e0666314f9de41477e3ec277e542ed7f7b",
          "size": 1330045,
          "url": "https://libraries.minecraft.net/ca/weblite/java-objc-bridge/1.1/java-objc-bridge-1.1.jar"
        }
      },
      "name": "ca.weblite:java-objc-bridge:1.1",
      "rules": [
        {
          "action": "allow",
          "os": {
            "name": "osx"
          }
        }
      ]
    },
    {
      "downloads": {
        "artifact": {
          "path": "com/github/oshi/oshi-core/6.2.2/oshi-core-6.2.2.jar",
          "sha1": "54f5efc19bca95d709d9a37d19ffcbba3d21c1a6",
          "size": 947865,
          "url": "https://libraries.minecraft.net/com/github/oshi/oshi-core/6.2.2/oshi-core-6.2.2.jar"
        }
      },
      "name": "com.github.oshi:oshi-core:6.2.2"
    },
    {
      "downloads": {
        "artifact": {
          "path": "com/google/code/gson/gson/2.10/gson-2.10.jar",
          "sha1": "dd9b193aef96e973d5a11ab13cd17430c2e4306b",
          "size": 286235,
          "url": "https://libraries.minecraft.net/com/google/code/gson/gson/2.10/gson-2.10.jar"
        }
      },
      "name": "com.google.code.gson:gson:2.10"
    },
    {
      "downloads": {
        "artifact": {
          "path": "com/google/guava/failureaccess/1.0.1/failureaccess-1.0.1.jar",
          "sha1": "1dcf1de382a0bf95a3d8b0849546c88bac1292c9",
          "size": 4617,
          "url": "https://libraries.minecraft.net/com/google/guava/failureaccess/1.0.1/failureaccess-1.0.1.jar"
        }
      },
      "name": "com.google.guava:failureaccess:1.0.1"
    },
    {
      "downloads": {
        "artifact": {
          "path": "com/google/guava/guava/31.1-jre/guava-31.1-jre.jar",
          "sha1": "60458f877d055d0c9114d9e1a2efb737b4bc282c",
          "size": 2959479,
          "url": "https://libraries.minecraft.net/com/google/guava/guava/31.1-jre/guava-31.1-jre.jar"
        }
      },
      "name": "com.google.guava:guava:31.1-jre"
    },
    {
      "downloads": {
        "artifact": {
          "path": "com/ibm/icu/icu4j/71.1/icu4j-71.1.jar",
          "sha1": "9e7d3304c23f9ba5cb71915f7cce23231a57a445",
          "size": 13963762,
          "url": "https://libraries.minecraft.net/com/ibm/icu/icu4j/71.1/icu4j-71.1.jar"
        }
      },
      "name": "com.ibm.icu:icu4j:71.1"
    },
    {
      "downloads": {
        "artifact": {
          "path": "com/mojang/authlib/3.16.29/authlib-3.16.29.jar",
          "sha1": "efcca7a2fd33a399287834787f3a899086752b14",
          "size": 117060,
          "url": "https://libraries.minecraft.net/com/mojang/authlib/3.16.29/authlib-3.16.29.jar"
        }
      },
      "name": "com.mojang:authlib:3.16.29"
    },
    {
      "downloads": {
        "artifact": {
          "path": "com/mojang/blocklist/1.0.10/blocklist-1.0.10.jar",
          "sha1": "5c685c5ffa94c4cd39496c7184c1d122e515ecef",
          "size": 964,
          "url": "https://libraries.minecraft.net/com/mojang/blocklist/1.0.10/blocklist-1.0.10.jar"
        }
      },
      "name": "com.mojang:blocklist:1.0.10"
    },
    {
      "downloads": {
        "artifact": {
          "path": "com/mojang/brigadier/1.0.18/brigadier-1.0.18.jar",
          "sha1": "c1ef1234282716483c92183f49bef47b1a89bfa9",
          "size": 77116,
          "url": "https://libraries.minecraft.net/com/mojang/brigadier/1.0.18/brigadier-1.0.18.jar"
        }
      },
      "name": "com.mojang:brigadier:1.0.18"
    },
    {
      "downloads": {
        "artifact": {
          "path": "com/mojang/datafixerupper/5.0.28/datafixerupper-5.0.28.jar",
          "sha1": "e2157e236e529aff80a5fc3ccb506e56d46b130b",
          "size": 684966,
          "url": "https://libraries.minecraft.net/com/mojang/datafixerupper/5.0.28/datafixerupper-5.0.28.jar"
        }
      },
      "name": "com.mojang:datafixerupper:5.0.28"
    },
    {
      "downloads": {
        "artifact": {
          "path": "com/mojang/javabridge/2.0.25/javabridge-2.0.25.jar",
          "sha1": "bfa589b0bd71588fa7e594640114b0cda0cff5f6",
          "size": 5884,
          "url": "https://libraries.minecraft.net/com/mojang/javabridge/2.0.25/javabridge-2.0.25.jar"
        }
      },
      "name": "com.mojang:javabridge:2.0.25"
    },
    {
      "downloads": {
        "artifact": {
          "path": "com/mojang/logging/1.1.1/logging-1.1.1.jar",
          "sha1": "832b8e6674a9b325a5175a3a6267dfaf34c85139",
          "size": 15343,
          "url": "https://libraries.minecraft.net/com/mojang/logging/1.1.1/logging-1.1.1.jar"
        }
      },
      "name": "com.mojang:logging:1.1.1"
    },
    {
      "downloads": {
        "artifact": {
          "path": "com/mojang/patchy/2.2.10/patchy-2.2.10.jar",
          "sha1": "da05971b07cbb379d002cf7eaec6a2048211fefc",
          "size": 4439,
          "url": "https://libraries.minecraft.net/com/mojang/patchy/2.2.10/patchy-2.2.10.jar"
        }
      },
      "name": "com.mojang:patchy:2.2.10"
    },
    {
      "downloads": {
        "artifact": {
          "path": "com/mojang/text2speech/1.13.9/text2speech-1.13.9.jar",
          "sha1": "5f4e3a6ef86cb021f7ca87ca192cddb50c26eb59",
          "size": 12123,
          "url": "https://libraries.minecraft.net/com/mojang/text2speech/1.13.9/text2speech-1.13.9.jar"
        }
      },
      "name": "com.mojang:text2speech:1.13.9"
    },
    {
      "downloads": {
        "artifact": {
          "path": "com/mojang/text2speech/1.13.9/text2speech-1.13.9-natives-linux.jar",
          "sha1": "6c63ecb3b6408dcfdde6440c9ee62c060542af33",
          "size": 7833,
          "url": "https://libraries.minecraft.net/com/mojang/text2speech/1.13.9/text2speech-1.13.9-natives-linux.jar"
        }
      },
      "name": "com.mojang:text2speech:1.13.9:natives-linux",
      "rules": [
        {
          "action": "allow",
          "os": {
            "name": "linux"
          }
        }
      ]
    },
    {
      "downloads": {
        "artifact": {
          "path": "com/mojang/text2speech/1.13.9/text2speech-1.13.9-natives-windows.jar",
          "sha1": "7a90898b29e5c72f90ba6ebe86fa78a6afd7d3eb",
          "size": 81379,
          "url": "https://libraries.minecraft.net/com/mojang/text2speech/1.13.9/text2speech-1.13.9-natives-windows.jar"
        }
      },
      "name": "com.mojang:text2speech:1.13.9:natives-windows",
      "rules": [
        {
          "action": "allow",
          "os": {
            "name": "windows"
          }
        }
      ]
    },
    {
      "downloads": {
        "artifact": {
          "path": "commons-codec/commons-codec/1.15/commons-codec-1.15.jar",
          "sha1": "49d94806b6e3dc933dacbd8acb0fdbab8ebd1e5d",
          "size": 353793,
          "url": "https://libraries.minecraft.net/commons-codec/commons-codec/1.15/commons-codec-1.15.jar"
        }
      },
      "name": "commons-codec:commons-codec:1.15"
    },
    {
      "downloads": {
        "artifact": {
          "path": "commons-io/commons-io/2.11.0/commons-io-2.11.0.jar",
          "sha1": "a2503f302b11ebde7ebc3df41daebe0e4eea3689",
          "size": 327135,
          "url": "https://libraries.minecraft.net/commons-io/commons-io/2.11.0/commons-io-2.11.0.jar"
        }
      },
      "name": "commons-io:commons-io:2.11.0"
    },
    {
      "downloads": {
        "artifact": {
          "path": "commons-logging/commons-logging/1.2/commons-logging-1.2.jar",
          "sha1": "4bfc12adfe4842bf07b657f0369c4cb522955686",
          "size": 61829,
          "url": "https://libraries.minecraft.net/commons-logging/commons-logging/1.2/commons-logging-1.2.jar"
        }
      },
      "name": "commons-logging:commons-logging:1.2"
    },
    {
      "downloads": {
        "artifact": {
          "path": "io/netty/netty-buffer/4.1.82.Final/netty-buffer-4.1.82.Final.jar",
          "sha1": "a544270cf1ae8b8077082f5036436a9a9971ea71",
          "size": 304664,
          "url": "https://libraries.minecraft.net/io/netty/netty-buffer/4.1.82.Final/netty-buffer-4.1.82.Final.jar"
        }
      },
      "name": "io.netty:netty-buffer:4.1.82.Final"
    },
    {
      "downloads": {
        "artifact": {
          "path": "io/netty/netty-codec/4.1.82.Final/netty-codec-4.1.82.Final.jar",
          "sha1": "b77200379acb345a9ffdece1c605e591ac3e4e0a",
          "size": 339155,
          "url": "https://libraries.minecraft.net/io/netty/netty-codec/4.1.82.Final/netty-codec-4.1.82.Final.jar"
        }
      },
      "name": "io.netty:netty-codec:4.1.82.Final"
    },
    {
      "downloads": {
        "artifact": {
          "path": "io/netty/netty-common/4.1.82.Final/netty-common-4.1.82.Final.jar",
          "sha1": "022d148e85c3f5ebdacc0ce1f5aabb1d420f73f3",
          "size": 653880,
          "url": "https://libraries.minecraft.net/io/netty/netty-common/4.1.82.Final/netty-common-4.1.82.Final.jar"
        }
      },
      "name": "io.netty:netty-common:4.1.82.Final"
    },
    {
      "downloads": {
        "artifact": {
          "path": "io/netty/netty-handler/4.1.82.Final/netty-handler-4.1.82.Final.jar",
          "sha1": "644041d1fa96a5d3130a29e8978630d716d76e38",
          "size": 538569,
          "url": "https://libraries.minecraft.net/io/netty/netty-handler/4.1.82.Final/netty-handler-4.1.82.Final.jar"
        }
      },
      "name": "io.netty:netty-handler:4.1.82.Final"
    },
    {
      "downloads": {
        "artifact": {
          "path": "io/netty/netty-resolver/4.1.82.Final/netty-resolver-4.1.82.Final.jar",
          "sha1": "38f665ae8dcd29032eea31245ba7806bed2e0fa8",
          "size": 37776,
          "url": "https://libraries.minecraft.net/io/netty/netty-resolver/4.1.82.Final/netty-resolver-4.1.82.Final.jar"
        }
      },
      "name": "io.netty:netty-resolver:4.1.82.Final"
    },
    {
      "downloads": {
        "artifact": {
          "path": "io/netty/netty-transport-classes-epoll/4.1.82.Final/netty-transport-classes-epoll-4.1.82.Final.jar",
          "sha1": "e7c7dd18deac93105797f30057c912651ea76521",
          "size": 142066,
          "url": "https://libraries.minecraft.net/io/netty/netty-transport-classes-epoll/4.1.82.Final/netty-transport-classes-epoll-4.1.82.Final.jar"
        }
      },
      "name": "io.netty:netty-transport-classes-epoll:4.1.82.Final"
    },
    {
      "downloads": {
        "artifact": {
          "path": "io/netty/netty-transport-native-epoll/4.1.82.Final/netty-transport-native-epoll-4.1.82.Final-linux-aarch_64.jar",
          "sha1": "476409d6255001ca53a55f65b01c13822f8dc93a",
          "size": 39489,
          "url": "https://libraries.minecraft.net/io/netty/netty-transport-native-epoll/4.1.82.Final/netty-transport-native-epoll-4.1.82.Final-linux-aarch_64.jar"
        }
      },
      "name": "io.netty:netty-transport-native-epoll:4.1.82.Final:linux-aarch_64",
      "rules": [
        {
          "action": "allow",
          "os": {
            "name": "linux"
          }
        }
      ]
    },
    {
      "downloads": {
        "artifact": {
          "path": "io/netty/netty-transport-native-epoll/4.1.82.Final/netty-transport-native-epoll-4.1.82.Final-linux-x86_64.jar",
          "sha1": "c7350a71920f3ae9142945e25fed4846cce53374",
          "size": 37922,
          "url": "https://libraries.minecraft.net/io/netty/netty-transport-native-epoll/4.1.82.Final/netty-transport-native-epoll-4.1.82.Final-linux-x86_64.jar"
        }
      },
      "name": "io.netty:netty-transport-native-epoll:4.1.82.Final:linux-x86_64",
      "rules": [
        {
          "action": "allow",
          "os": {
            "name": "linux"
          }
        }
      ]
    },
    {
      "downloads": {
        "artifact": {
          "path": "io/netty/netty-transport-native-unix-common/4.1.82.Final/netty-transport-native-unix-common-4.1.82.Final.jar",
          "sha1": "3e895b35ca1b8a0eca56cacff4c2dde5d2c6abce",
          "size": 43684,
          "url": "https://libraries.minecraft.net/io/netty/netty-transport-native-unix-common/4.1.82.Final/netty-transport-native-unix-common-4.1.82.Final.jar"
        }
      },
      "name": "io.netty:netty-transport-native-unix-common:4.1.82.Final"
    },
    {
      "downloads": {
        "artifact": {
          "path": "io/netty/netty-transport/4.1.82.Final/netty-transport-4.1.82.Final.jar",
          "sha1": "e431a218d91acb6476ccad5f5aafde50aa3945ca",
          "size": 485752,
          "url": "https://libraries.minecraft.net/io/netty/netty-transport/4.1.82.Final/netty-transport-4.1.82.Final.jar"
        }
      },
      "name": "io.netty:netty-transport:4.1.82.Final"
    },
    {
      "downloads": {
        "artifact": {
          "path": "it/unimi/dsi/fastutil/8.5.9/fastutil-8.5.9.jar",
          "sha1": "bb7ea75ecdb216654237830b3a96d87ad91f8cc5",
          "size": 23376043,
          "url": "https://libraries.minecraft.net/it/unimi/dsi/fastutil/8.5.9/fastutil-8.5.9.jar"
        }
      },
      "name": "it.unimi.dsi:fastutil:8.5.9"
    },
    {
      "downloads": {
        "artifact": {
          "path": "net/java/dev/jna/jna-platform/5.12.1/jna-platform-5.12.1.jar",
          "sha1": "097406a297c852f4a41e688a176ec675f72e8329",
          "size": 1356627,
          "url": "https://libraries.minecraft.net/net/java/dev/jna/jna-platform/5.12.1/jna-platform-5.12.1.jar"
        }
      },
      "name": "net.java.dev.jna:jna-platform:5.12.1"
    },
    {
      "downloads": {
        "artifact": {
          "path": "net/java/dev/jna/jna/5.12.1/jna-5.12.1.jar",
          "sha1": "b1e93a735caea94f503e95e6fe79bf9cdc1e985d",
          "size": 1866196,
          "url": "https://libraries.minecraft.net/net/java/dev/jna/jna/5.12.1/jna-5.12.1.jar"
        }
      },
      "name": "net.java.dev.jna:jna:5.12.1"
    },
    {
      "downloads": {
        "artifact": {
          "path": "net/sf/jopt-simple/jopt-simple/5.0.4/jopt-simple-5.0.4.jar",
          "sha1": "4fdac2fbe92dfad86aa6e9301736f6b4342a3f5c",
          "size": 78146,
          "url": "https://libraries.minecraft.net/net/sf/jopt-simple/jopt-simple/5.0.4/jopt-simple-5.0.4.jar"
        }
      },
      "name": "net.sf.jopt-simple:jopt-simple:5.0.4"
    },
    {
      "downloads": {
        "artifact": {
          "path": "org/apache/commons/commons-compress/1.21/commons-compress-1.21.jar",
          "sha1": "4ec95b60d4e86b5c95a0e919cb172a0af98011ef",
          "size": 1018316,
          "url": "https://libraries.minecraft.net/org/apache/commons/commons-compress/1.21/commons-compress-1.21.jar"
        }
      },
      "name": "org.apache.commons:commons-compress:1.21"
    },
    {
      "downloads": {
        "artifact": {
          "path": "org/apache/commons/commons-lang3/3.12.0/commons-lang3-3.12.0.jar",
          "sha1": "c6842c86792ff03b9f1d1fe2aab8dc23aa6c6f0e",
          "size": 587402,
          "url": "https://libraries.minecraft.net/org/apache/commons/commons-lang3/3.12.0/commons-lang3-3.12.0.jar"
        }
      },
      "name": "org.apache.commons:commons-lang3:3.12.0"
    },
    {
      "downloads": {
        "artifact": {
          "path": "org/apache/httpcomponents/httpclient/4.5.13/httpclient-4.5.13.jar",
          "sha1": "e5f6cae5ca7ecaac1ec2827a9e2d65ae2869cada",
          "size": 780321,
          "url": "https://libraries.minecraft.net/org/apache/httpcomponents/httpclient/4.5.13/httpclient-4.5.13.jar"
        }
      },
      "name": "org.apache.httpcomponents:httpclient:4.5.13"
    },
    {
      "downloads": {
        "artifact": {
          "path": "org/apache/httpcomponents/httpcore/4.4.15/httpcore-4.4.15.jar",
          "sha1": "7f2e0c573eaa7a74bac2e89b359e1f73d92a0a1d",
          "size": 328324,
          "url": "https://libraries.minecraft.net/org/apache/httpcomponents/httpcore/4.4.15/httpcore-4.4.15.jar"
        }
      },
      "name": "org.apache.httpcomponents:httpcore:4.4.15"
    },
    {
      "downloads": {
        "artifact": {
          "path": "org/apache/logging/log4j/log4j-api/2.19.0/log4j-api-2.19.0.jar",
          "sha1": "ea1b37f38c327596b216542bc636cfdc0b8036fa",
          "size": 317566,
          "url": "https://libraries.minecraft.net/org/apache/logging/log4j/log4j-api/2.19.0/log4j-api-2.19.0.jar"
        }
      },
      "name": "org.apache.logging.log4j:log4j-api:2.19.0"
    },
    {
      "downloads": {
        "artifact": {
          "path": "org/apache/logging/log4j/log4j-core/2.19.0/log4j-core-2.19.0.jar",
          "sha1": "3b6eeb4de4c49c0fe38a4ee27188ff5fee44d0bb",
          "size": 1864386,
          "url": "https://libraries.minecraft.net/org/apache/logging/log4j/log4j-core/2.19.0/log4j-core-2.19.0.jar"
        }
      },
      "name": "org.apache.logging.log4j:log4j-core:2.19.0"
    },
    {
      "downloads": {
        "artifact": {
          "path": "org/apache/logging/log4j/log4j-slf4j2-impl/2.19.0/log4j-slf4j2-impl-2.19.0.jar",
          "sha1": "5c04bfdd63ce9dceb2e284b81e96b6a70010ee10",
          "size": 27721,
          "url": "https://libraries.minecraft.net/org/apache/logging/log4j/log4j-slf4j2-impl/2.19.0/log4j-slf4j2-impl-2.19.0.jar"
        }
      },
      "name": "org.apache.logging.log4j:log4j-slf4j2-impl:2.19.0"
    },
    {
      "downloads": {
        "artifact": {
          "path": "org/joml/joml/1.10.5/joml-1.10.5.jar",
          "sha1": "22566d58af70ad3d72308bab63b8339906deb649",
          "size": 712082,
          "url": "https://libraries.minecraft.net/org/joml/joml/1.10.5/joml-1.10.5.jar"
        }
      },
      "name": "org.joml:joml:1.10.5"
    },
    {
      "downloads": {
        "artifact": {
          "path": "org/lwjgl/lwjgl-glfw/3.3.1/lwjgl-glfw-3.3.1.jar",
          "sha1": "cbac1b8d30cb4795149c1ef540f912671a8616d0",
          "size": 128801,
          "url": "https://libraries.minecraft.net/org/lwjgl/lwjgl-glfw/3.3.1/lwjgl-glfw-3.3.1.jar"
        }
      },
      "name": "org.lwjgl:lwjgl-glfw:3.3.1"
    },
    {
      "downloads": {
        "artifact": {
          "path": "org/lwjgl/lwjgl-glfw/3.3.1/lwjgl-glfw-3.3.1-natives-linux.jar",
          "sha1": "81716978214ecbda15050ca394b06ef61501a49e",
          "size": 119817,
          "url": "https://libraries.minecraft.net/org/lwjgl/lwjgl-glfw/3.3.1/lwjgl-glfw-3.3.1-natives-linux.jar"
        }
      },
      "name": "org.lwjgl:lwjgl-glfw:3.3.1:natives-linux",
      "rules": [
        {
          "action": "allow",
          "os": {
            "name": "linux"
          }
        }
      ]
    },
    {
      "downloads": {
        "artifact": {
          "path": "org/lwjgl/lwjgl-glfw/3.3.1/lwjgl-glfw-3.3.1-natives-macos.jar",
          "sha1": "9ec4ce1fc8c85fdef03ef4ff2aace6f5775fb280",
          "size": 131655,
          "url": "https://libraries.minecraft.net/org/lwjgl/lwjgl-glfw/3.3.1/lwjgl-glfw-3.3.1-natives-macos.jar"
        }
      },
      "name": "org.lwjgl:lwjgl-glfw:3.3.1:natives-macos",
      "rules": [
        {
          "action": "allow",
          "os": {
            "name": "osx"
          }
        }
      ]
    },
    {
      "downloads": {
        "artifact": {
          "path": "org/lwjgl/lwjgl-glfw/3.3.1/lwjgl-glfw-3.3.1-natives-macos-arm64.jar",
          "sha1": "cac0d3f712a3da7641fa174735a5f315de7ffe0a",
          "size": 129077,
          "url": "https://libraries.minecraft.net/org/lwjgl/lwjgl-glfw/3.3.1/lwjgl-glfw-3.3.1-natives-macos-arm64.jar"
        }
      },
      "name": "org.lwjgl:lwjgl-glfw:3.3.1:natives-macos-arm64",
      "rules": [
        {
          "action": "allow",
          "os": {
            "name": "osx"
          }
        }
      ]
    },
    {
      "downloads": {
        "artifact": {
          "path": "org/lwjgl/lwjgl-glfw/3.3.1/lwjgl-glfw-3.3.1-natives-windows.jar",
          "sha1": "ed892f945cf7e79c8756796f32d00fa4ceaf573b",
          "size": 145512,
          "url": "https://libraries.minecraft.net/org/lwjgl/lwjgl-glfw/3.3.1/lwjgl-glfw-3.3.1-natives-windows.jar"
        }
      },
      "name": "org.lwjgl:lwjgl-glfw:3.3.1:natives-windows",
      "rules": [
        {
          "action": "allow",
          "os": {
            "name": "windows"
          }
        }
      ]
    },
    {
      "downloads": {
        "artifact": {
          "path": "org/lwjgl/lwjgl-glfw/3.3.1/lwjgl-glfw-3.3.1-natives-windows-x86.jar",
          "sha1": "b997e3391d6ce8f05487e7335d95c606043884a1",
          "size": 139251,
          "url": "https://libraries.minecraft.net/org/lwjgl/lwjgl-glfw/3.3.1/lwjgl-glfw-3.3.1-natives-windows-x86.jar"
        }
      },
      "name": "org.lwjgl:lwjgl-glfw:3.3.1:natives-windows-x86",
      "rules": [
        {
          "action": "allow",
          "os": {
            "name": "windows"
          }
        }
      ]
    },
    {
      "downloads": {
        "artifact": {
          "path": "org/lwjgl/lwjgl-jemalloc/3.3.1/lwjgl-jemalloc-3.3.1.jar",
          "sha1": "a817bcf213db49f710603677457567c37d53e103",
          "size": 36601,
          "url": "https://libraries.minecraft.net/org/lwjgl/lwjgl-jemalloc/3.3.1/lwjgl-jemalloc-3.3.1.jar"
        }
      },
      "name": "org.lwjgl:lwjgl-jemalloc:3.3.1"
    },
    {
      "downloads": {
        "artifact": {
          "path": "org/lwjgl/lwjgl-jemalloc/3.3.1/lwjgl-jemalloc-3.3.1-natives-linux.jar",
          "sha1": "33dbb017b6ed6b25f993ad9d56741a49e7937718",
          "size": 166524,
          "url": "https://libraries.minecraft.net/org/lwjgl/lwjgl-jemalloc/3.3.1/lwjgl-jemalloc-3.3.1-natives-linux.jar"
        }
      },
      "name": "org.lwjgl:lwjgl-jemalloc:3.3.1:natives-linux",
      "rules": [
        {
          "action": "allow",
          "os": {
            "name": "linux"
          }
        }
      ]
    },
    {
      "downloads": {
        "artifact": {
          "path": "org/lwjgl/lwjgl-jemalloc/3.3.1/lwjgl-jemalloc-3.3.1-natives-macos.jar",
          "sha1": "56424dc8db3cfb8e7b594aa6d59a4f4387b7f544",
          "size": 117480,
          "url": "https://libraries.minecraft.net/org/lwjgl/lwjgl-jemalloc/3.3.1/lwjgl-jemalloc-3.3.1-natives-macos.jar"
        }
      },
      "name": "org.lwjgl:lwjgl-jemalloc:3.3.1:natives-macos",
      "rules": [
        {
          "action": "allow",
          "os": {
            "name": "osx"
          }
        }
      ]
    },
    {
      "downloads": {
        "artifact": {
          "path": "org/lwjgl/lwjgl-jemalloc/3.3.1/lwjgl-jemalloc-3.3.1-natives-macos-arm64.jar",
          "sha1": "e577b87d8ad2ade361aaea2fcf226c660b15dee8",
          "size": 103475,
          "url": "https://libraries.minecraft.net/org/lwjgl/lwjgl-jemalloc/3.3.1/lwjgl-jemalloc-3.3.1-natives-macos-arm64.jar"
        }
      },
      "name": "org.lwjgl:lwjgl-jemalloc:3.3.1:natives-macos-arm64",
      "rules": [
        {
          "action": "allow",
          "os": {
            "name": "osx"
          }
        }
      ]
    },
    {
      "downloads": {
        "artifact": {
          "path": "org/lwjgl/lwjgl-jemalloc/3.3.1/lwjgl-jemalloc-3.3.1-natives-windows.jar",
          "sha1": "948a89b76a16aa324b046ae9308891216ffce5f9",
          "size": 135585,
          "url": "https://libraries.minecraft.net/org/lwjgl/lwjgl-jemalloc/3.3.1/lwjgl-jemalloc-3.3.1-natives-windows.jar"
        }
      },
      "name": "org.lwjgl:lwjgl-jemalloc:3.3.1:natives-windows",
      "rules": [
        {
          "action": "allow",
          "os": {
            "name": "windows"
          }
        }
      ]
    },
    {
      "downloads": {
        "artifact": {
          "path": "org/lwjgl/lwjgl-jemalloc/3.3.1/lwjgl-jemalloc-3.3.1-natives-windows-x86.jar",
          "sha1": "fb476c8ec110e1c137ad3ce8a7f7bfe6b11c6324",
          "size": 110405,
          "url": "https://libraries.minecraft.net/org/lwjgl/lwjgl-jemalloc/3.3.1/lwjgl-jemalloc-3.3.1-natives-windows-x86.jar"
        }
      },
      "name": "org.lwjgl:lwjgl-jemalloc:3.3.1:natives-windows-x86",
      "rules": [
        {
          "action": "allow",
          "os": {
            "name": "windows"
          }
        }
      ]
    },
    {
      "downloads": {
        "artifact": {
          "path": "org/lwjgl/lwjgl-openal/3.3.1/lwjgl-openal-3.3.1.jar",
          "sha1": "2623a6b8ae1dfcd880738656a9f0243d2e6840bd",
          "size": 88237,
          "url": "https://libraries.minecraft.net/org/lwjgl/lwjgl-openal/3.3.1/lwjgl-openal-3.3.1.jar"
        }
      },
      "name": "org.lwjgl:lwjgl-openal:3.3.1"
    },
    {
      "downloads": {
        "artifact": {
          "path": "org/lwjgl/lwjgl-openal/3.3.1/lwjgl-openal-3.3.1-natives-linux.jar",
          "sha1": "f906b6439f6daa66001182ea7727e3467a93681b",
          "size": 476825,
          "url": "https://libraries.minecraft.net/org/lwjgl/lwjgl-openal/3.3.1/lwjgl-openal-3.3.1-natives-linux.jar"
        }
      },
      "name": "org.lwjgl:lwjgl-openal:3.3.1:natives-linux",
      "rules": [
        {
          "action": "allow",
          "os": {
            "name": "linux"
          }
        }
      ]
    },
    {
      "downloads": {
        "artifact": {
          "path": "org/lwjgl/lwjgl-openal/3.3.1/lwjgl-openal-3.3.1-natives-macos.jar",
          "sha1": "3a57b8911835fb58b5e558d0ca0d28157e263d45",
          "size": 397196,
          "url": "https://libraries.minecraft.net/org/lwjgl/lwjgl-openal/3.3.1/lwjgl-openal-3.3.1-natives-macos.jar"
        }
      },
      "name": "org.lwjgl:lwjgl-openal:3.3.1:natives-macos",
      "rules": [
        {
          "action": "allow",
          "os": {
            "name": "osx"
          }
        }
      ]
    },
    {
      "downloads": {
        "artifact": {
          "path": "org/lwjgl/lwjgl-openal/3.3.1/lwjgl-openal-3.3.1-natives-macos-arm64.jar",
          "sha1": "23d55e7490b57495320f6c9e1936d78fd72c4ef8",
          "size": 346125,
          "url": "https://libraries.minecraft.net/org/lwjgl/lwjgl-openal/3.3.1/lwjgl-openal-3.3.1-natives-macos-arm64.jar"
        }
      },
      "name": "org.lwjgl:lwjgl-openal:3.3.1:natives-macos-arm64",
      "rules": [
        {
          "action": "allow",
          "os": {
            "name": "osx"
          }
        }
      ]
    },
    {
      "downloads": {
        "artifact": {
          "path": "org/lwjgl/lwjgl-openal/3.3.1/lwjgl-openal-3.3.1-natives-windows.jar",
          "sha1": "30a474d0e57193d7bc128849a3ab66bc9316fdb1",
          "size": 576872,
          "url": "https://libraries.minecraft.net/org/lwjgl/lwjgl-openal/3.3.1/lwjgl-openal-3.3.1-natives-windows.jar"
        }
      },
      "name": "org.lwjgl:lwjgl-openal:3.3.1:natives-windows",
      "rules": [
        {
          "action": "allow",
          "os": {
            "name": "windows"
          }
        }
      ]
    },
    {
      "downloads": {
        "artifact": {
          "path": "org/lwjgl/lwjgl-openal/3.3.1/lwjgl-openal-3.3.1-natives-windows-x86.jar",
          "sha1": "888349f7b1be6fbae58bf8edfb9ef12def04c4e3",
          "size": 520313,
          "url": "https://libraries.minecraft.net/org/lwjgl/lwjgl-openal/3.3.1/lwjgl-openal-3.3.1-natives-windows-x86.jar"
        }
      },
      "name": "org.lwjgl:lwjgl-openal:3.3.1:natives-windows-x86",
      "rules": [
        {
          "action": "allow",
          "os": {
            "name": "windows"
          }
        }
      ]
    },
    {
      "downloads": {
        "artifact": {
          "path": "org/lwjgl/lwjgl-opengl/3.3.1/lwjgl-opengl-3.3.1.jar",
          "sha1": "831a5533a21a5f4f81bbc51bb13e9899319b5411",
          "size": 921563,
          "url": "https://libraries.minecraft.net/org/lwjgl/lwjgl-opengl/3.3.1/lwjgl-opengl-3.3.1.jar"
        }
      },
      "name": "org.lwjgl:lwjgl-opengl:3.3.1"
    },
    {
      "downloads": {
        "artifact": {
          "path": "org/lwjgl/lwjgl-opengl/3.3.1/lwjgl-opengl-3.3.1-natives-linux.jar",
          "sha1": "ab9ab6fde3743e3550fa5d46d785ecb45b047d99",
          "size": 79125,
          "url": "https://libraries.minecraft.net/org/lwjgl/lwjgl-opengl/3.3.1/lwjgl-opengl-3.3.1-natives-linux.jar"
        }
      },
      "name": "org.lwjgl:lwjgl-opengl:3.3.1:natives-linux",
      "rules": [
        {
          "action": "allow",
          "os": {
            "name": "linux"
          }
        }
      ]
    },
    {
      "downloads": {
        "artifact": {
          "path": "org/lwjgl/lwjgl-opengl/3.3.1/lwjgl-opengl-3.3.1-natives-macos.jar",
          "sha1": "a0d12697ea019a7362eff26475b0531340e876a6",
          "size": 40709,
          "url": "https://libraries.minecraft.net/org/lwjgl/lwjgl-opengl/3.3.1/lwjgl-opengl-3.3.1-natives-macos.jar"
        }
      },
      "name": "org.lwjgl:lwjgl-opengl:3.3.1:natives-macos",
      "rules": [
        {
          "action": "allow",
          "os": {
            "name": "osx"
          }
        }
      ]
    },
    {
      "downloads": {
        "artifact": {
          "path": "org/lwjgl/lwjgl-opengl/3.3.1/lwjgl-opengl-3.3.1-natives-macos-arm64.jar",
          "sha1": "eafe34b871d966292e8db0f1f3d6b8b110d4e91d",
          "size": 41665,
          "url": "https://libraries.minecraft.net/org/lwjgl/lwjgl-opengl/3.3.1/lwjgl-opengl-3.3.1-natives-macos-arm64.jar"
        }
      },
      "name": "org.lwjgl:lwjgl-opengl:3.3.1:natives-macos-arm64",
      "rules": [
        {
          "action": "allow",
          "os": {
            "name": "osx"
          }
        }
      ]
    },
    {
      "downloads": {
        "artifact": {
          "path": "org/lwjgl/lwjgl-opengl/3.3.1/lwjgl-opengl-3.3.1-natives-windows.jar",
          "sha1": "c1807e9bd571402787d7e37e3029776ae2513bb8",
          "size": 100205,
          "url": "https://libraries.minecraft.net/org/lwjgl/lwjgl-opengl/3.3.1/lwjgl-opengl-3.3.1-natives-windows.jar"
        }
      },
      "name": "org.lwjgl:lwjgl-opengl:3.3.1:natives-windows",
      "rules": [
        {
          "action": "allow",
          "os": {
            "name": "windows"
          }
        }
      ]
    },
    {
      "downloads": {
        "artifact": {
          "path": "org/lwjgl/lwjgl-opengl/3.3.1/lwjgl-opengl-3.3.1-natives-windows-x86.jar",
          "sha1": "deef3eb9b178ff2ff3ce893cc72ae741c3a17974",
          "size": 87463,
          "url": "https://libraries.minecraft.net/org/lwjgl/lwjgl-opengl/3.3.1/lwjgl-opengl-3.3.1-natives-windows-x86.jar"
        }
      },
      "name": "org.lwjgl:lwjgl-opengl:3.3.1:natives-windows-x86",
      "rules": [
        {
          "action": "allow",
          "os": {
            "name": "windows"
          }
        }
      ]
    },
    {
      "downloads": {
        "artifact": {
          "path": "org/lwjgl/lwjgl-stb/3.3.1/lwjgl-stb-3.3.1.jar",
          "sha1": "b119297cf8ed01f247abe8685857f8e7fcf5980f",
          "size": 112380,
          "url": "https://libraries.minecraft.net/org/lwjgl/lwjgl-stb/3.3.1/lwjgl-stb-3.3.1.jar"
        }
      },
      "name": "org.lwjgl:lwjgl-stb:3.3.1"
    },
    {
      "downloads": {
        "artifact": {
          "path": "org/lwjgl/lwjgl-stb/3.3.1/lwjgl-stb-3.3.1-natives-linux.jar",
          "sha1": "3ee7aec8686e52867677110415566a5342a80230",
          "size": 227237,
          "url": "https://libraries.minecraft.net/org/lwjgl/lwjgl-stb/3.3.1/lwjgl-stb-3.3.1-natives-linux.jar"
        }
      },
      "name": "org.lwjgl:lwjgl-stb:3.3.1:natives-linux",
      "rules": [
        {
          "action": "allow",
          "os": {
            "name": "linux"
          }
        }
      ]
    },
    {
      "downloads": {
        "artifact": {
          "path": "org/lwjgl/lwjgl-stb/3.3.1/lwjgl-stb-3.3.1-natives-macos.jar",
          "sha1": "def8879b8d38a47a4cc1d48b1f9a7b772e51258e",
          "size": 203582,
          "url": "https://libraries.minecraft.net/org/lwjgl/lwjgl-stb/3.3.1/lwjgl-stb-3.3.1-natives-macos.jar"
        }
      },
      "name": "org.lwjgl:lwjgl-stb:3.3.1:natives-macos",
      "rules": [
        {
          "action": "allow",
          "os": {
            "name": "osx"
          }
        }
      ]
    },
    {
      "downloads": {
        "artifact": {
          "path": "org/lwjgl/lwjgl-stb/3.3.1/lwjgl-stb-3.3.1-natives-macos-arm64.jar",
          "sha1": "fcf073ed911752abdca5f0b00a53cfdf17ff8e8b",
          "size": 178408,
          "url": "https://libraries.minecraft.net/org/lwjgl/lwjgl-stb/3.3.1/lwjgl-stb-3.3.1-natives-macos-arm64.jar"
        }
      },
      "name": "org.lwjgl:lwjgl-stb:3.3.1:natives-macos-arm64",
      "rules": [
        {
          "action": "allow",
          "os": {
            "name": "osx"
          }
        }
      ]
    },
    {
      "downloads": {
        "artifact": {
          "path": "org/lwjgl/lwjgl-stb/3.3.1/lwjgl-stb-3.3.1-natives-windows.jar",
          "sha1": "86315914ac119efdb02dc9e8e978ade84f1702af",
          "size": 256301,
          "url": "https://libraries.minecraft.net/org/lwjgl/lwjgl-stb/3.3.1/lwjgl-stb-3.3.1-natives-windows.jar"
        }
      },
      "name": "org.lwjgl:lwjgl-stb:3.3.1:natives-windows",
      "rules": [
        {
          "action": "allow",
          "os": {
            "name": "windows"
          }
        }
      ]
    },
    {
      "downloads": {
        "artifact": {
          "path": "org/lwjgl/lwjgl-stb/3.3.1/lwjgl-stb-3.3.1-natives-windows-x86.jar",
          "sha1": "a8d41f419eecb430b7c91ea2ce2c5c451cae2091",
          "size": 225147,
          "url": "https://libraries.minecraft.net/org/lwjgl/lwjgl-stb/3.3.1/lwjgl-stb-3.3.1-natives-windows-x86.jar"
        }
      },
      "name": "org.lwjgl:lwjgl-stb:3.3.1:natives-windows-x86",
      "rules": [
        {
          "action": "allow",
          "os": {
            "name": "windows"
          }
        }
      ]
    },
    {
      "downloads": {
        "artifact": {
          "path": "org/lwjgl/lwjgl-tinyfd/3.3.1/lwjgl-tinyfd-3.3.1.jar",
          "sha1": "0ff1914111ef2e3e0110ef2dabc8d8cdaad82347",
          "size": 6767,
          "url": "https://libraries.minecraft.net/org/lwjgl/lwjgl-tinyfd/3.3.1/lwjgl-tinyfd-3.3.1.jar"
        }
      },
      "name": "org.lwjgl:lwjgl-tinyfd:3.3.1"
    },
    {
      "downloads": {
        "artifact": {
          "path": "org/lwjgl/lwjgl-tinyfd/3.3.1/lwjgl-tinyfd-3.3.1-natives-linux.jar",
          "sha1": "a35110b9471bea8cde826ab297550ee8c22f5035",
          "size": 45389,
          "url": "https://libraries.minecraft.net/org/lwjgl/lwjgl-tinyfd/3.3.1/lwjgl-tinyfd-3.3.1-natives-linux.jar"
        }
      },
      "name": "org.lwjgl:lwjgl-tinyfd:3.3.1:natives-linux",
      "rules": [
        {
          "action": "allow",
          "os": {
            "name": "linux"
          }
        }
      ]
    },
    {
      "downloads": {
        "artifact": {
          "path": "org/lwjgl/lwjgl-tinyfd/3.3.1/lwjgl-tinyfd-3.3.1-natives-macos.jar",
          "sha1": "78641a0fa5e9afa714adfdd152c357930c97a1ce",
          "size": 44821,
          "url": "https://libraries.minecraft.net/org/lwjgl/lwjgl-tinyfd/3.3.1/lwjgl-tinyfd-3.3.1-natives-macos.jar"
        }
      },
      "name": "org.lwjgl:lwjgl-tinyfd:3.3.1:natives-macos",
      "rules": [
        {
          "action": "allow",
          "os": {
            "name": "osx"
          }
        }
      ]
    },
    {
      "downloads": {
        "artifact": {
          "path": "org/lwjgl/lwjgl-tinyfd/3.3.1/lwjgl-tinyfd-3.3.1-natives-macos-arm64.jar",
          "sha1": "972ecc17bad3571e81162153077b4d47b7b9eaa9",
          "size": 41380,
          "url": "https://libraries.minecraft.net/org/lwjgl/lwjgl-tinyfd/3.3.1/lwjgl-tinyfd-3.3.1-natives-macos-arm64.jar"
        }
      },
      "name": "org.lwjgl:lwjgl-tinyfd:3.3.1:natives-macos-arm64",
      "rules": [
        {
          "action": "allow",
          "os": {
            "name": "osx"
          }
        }
      ]
    },
    {
      "downloads": {
        "artifact": {
          "path": "org/lwjgl/lwjgl-tinyfd/3.3.1/lwjgl-tinyfd-3.3.1-natives-windows.jar",
          "sha1": "a5d830475ec0958d9fdba1559efa99aef211e6ff",
          "size": 127930,
          "url": "https://libraries.minecraft.net/org/lwjgl/lwjgl-tinyfd/3.3.1/lwjgl-tinyfd-3.3.1-natives-windows.jar"
        }
      },
      "name": "org.lwjgl:lwjgl-tinyfd:3.3.1:natives-windows",
      "rules": [
        {
          "action": "allow",
          "os": {
            "name": "windows"
          }
        }
      ]
    },
    {
      "downloads": {
        "artifact": {
          "path": "org/lwjgl/lwjgl-tinyfd/3.3.1/lwjgl-tinyfd-3.3.1-natives-windows-x86.jar",
          "sha1": "842eedd876fae354abc308c98a263f6bbc9e8a4d",
          "size": 110042,
          "url": "https://libraries.minecraft.net/org/lwjgl/lwjgl-tinyfd/3.3.1/lwjgl-tinyfd-3.3.1-natives-windows-x86.jar"
        }
      },
      "name": "org.lwjgl:lwjgl-tinyfd:3.3.1:natives-windows-x86",
      "rules": [
        {
          "action": "allow",
          "os": {
            "name": "windows"
          }
        }
      ]
    },
    {
      "downloads": {
        "artifact": {
          "path": "org/lwjgl/lwjgl/3.3.1/lwjgl-3.3.1.jar",
          "sha1": "ae58664f88e18a9bb2c77b063833ca7aaec484cb",
          "size": 724243,
          "url": "https://libraries.minecraft.net/org/lwjgl/lwjgl/3.3.1/lwjgl-3.3.1.jar"
        }
      },
      "name": "org.lwjgl:lwjgl:3.3.1"
    },
    {
      "downloads": {
        "artifact": {
          "path": "org/lwjgl/lwjgl/3.3.1/lwjgl-3.3.1-natives-linux.jar",
          "sha1": "1de885aba434f934201b99f2f1afb142036ac189",
          "size": 110704,
          "url": "https://libraries.minecraft.net/org/lwjgl/lwjgl/3.3.1/lwjgl-3.3.1-natives-linux.jar"
        }
      },
      "name": "org.lwjgl:lwjgl:3.3.1:natives-linux",
      "rules": [
        {
          "action": "allow",
          "os": {
            "name": "linux"
          }
        }
      ]
    },
    {
      "downloads": {
        "artifact": {
          "path": "org/lwjgl/lwjgl/3.3.1/lwjgl-3.3.1-natives-macos.jar",
          "sha1": "fc6bb723dec2cd031557dccb2a95f0ab80acb9db",
          "size": 55706,
          "url": "https://libraries.minecraft.net/org/lwjgl/lwjgl/3.3.1/lwjgl-3.3.1-natives-macos.jar"
        }
      },
      "name": "org.lwjgl:lwjgl:3.3.1:natives-macos",
      "rules": [
        {
          "action": "allow",
          "os": {
            "name": "osx"
          }
        }
      ]
    },
    {
      "downloads": {
        "artifact": {
          "path": "org/lwjgl/lwjgl/3.3.1/lwjgl-3.3.1-natives-macos-arm64.jar",
          "sha1": "71d0d5e469c9c95351eb949064497e3391616ac9",
          "size": 42693,
          "url": "https://libraries.minecraft.net/org/lwjgl/lwjgl/3.3.1/lwjgl-3.3.1-natives-macos-arm64.jar"
        }
      },
      "name": "org.lwjgl:lwjgl:3.3.1:natives-macos-arm64",
      "rules": [
        {
          "action": "allow",
          "os": {
            "name": "osx"
          }
        }
      ]
    },
    {
      "downloads": {
        "artifact": {
          "path": "org/lwjgl/lwjgl/3.3.1/lwjgl-3.3.1-natives-windows.jar",
          "sha1": "0036c37f16ab611b3aa11f3bcf80b1d509b4ce6b",
          "size": 159361,
          "url": "https://libraries.minecraft.net/org/lwjgl/lwjgl/3.3.1/lwjgl-3.3.1-natives-windows.jar"
        }
      },
      "name": "org.lwjgl:lwjgl:3.3.1:natives-windows",
      "rules": [
        {
          "action": "allow",
          "os": {
            "name": "windows"
          }
        }
      ]
    },
    {
      "downloads": {
        "artifact": {
          "path": "org/lwjgl/lwjgl/3.3.1/lwjgl-3.3.1-natives-windows-x86.jar",
          "sha1": "3b14f4beae9dd39791ec9e12190a9380cd8a3ce6",
          "size": 134695,
          "url": "https://libraries.minecraft.net/org/lwjgl/lwjgl/3.3.1/lwjgl-3.3.1-natives-windows-x86.jar"
        }
      },
      "name": "org.lwjgl:lwjgl:3.3.1:natives-windows-x86",
      "rules": [
        {
          "action": "allow",
          "os": {
            "name": "windows"
          }
        }
      ]
    },
    {
      "downloads": {
        "artifact": {
          "path": "org/slf4j/slf4j-api/2.0.1/slf4j-api-2.0.1.jar",
          "sha1": "f48d81adce2abf5ad3cfe463df517952749e03bc",
          "size": 61388,
          "url": "https://libraries.minecraft.net/org/slf4j/slf4j-api/2.0.1/slf4j-api-2.0.1.jar"
        }
      },
      "name": "org.slf4j:slf4j-api:2.0.1"
    },
    {
      "name": "cpw.mods:securejarhandler:2.1.4",
      "downloads": {
        "artifact": {
          "path": "cpw/mods/securejarhandler/2.1.4/securejarhandler-2.1.4.jar",
          "url": "https://maven.minecraftforge.net/cpw/mods/securejarhandler/2.1.4/securejarhandler-2.1.4.jar",
          "sha1": "f47e3b9dd860a7b82154b8f90a650ffd0aaa5582",
          "size": 87315
        }
      }
    },
    {
      "name": "org.ow2.asm:asm:9.3",
      "downloads": {
        "artifact": {
          "path": "org/ow2/asm/asm/9.3/asm-9.3.jar",
          "url": "https://maven.minecraftforge.net/org/ow2/asm/asm/9.3/asm-9.3.jar",
          "sha1": "8e6300ef51c1d801a7ed62d07cd221aca3a90640",
          "size": 122176
        }
      }
    },
    {
      "name": "org.ow2.asm:asm-commons:9.3",
      "downloads": {
        "artifact": {
          "path": "org/ow2/asm/asm-commons/9.3/asm-commons-9.3.jar",
          "url": "https://maven.minecraftforge.net/org/ow2/asm/asm-commons/9.3/asm-commons-9.3.jar",
          "sha1": "1f2a432d1212f5c352ae607d7b61dcae20c20af5",
          "size": 72716
        }
      }
    },
    {
      "name": "org.ow2.asm:asm-tree:9.3",
      "downloads": {
        "artifact": {
          "path": "org/ow2/asm/asm-tree/9.3/asm-tree-9.3.jar",
          "url": "https://maven.minecraftforge.net/org/ow2/asm/asm-tree/9.3/asm-tree-9.3.jar",
          "sha1": "78d2ecd61318b5a58cd04fb237636c0e86b77d97",
          "size": 52669
        }
      }
    },
    {
      "name": "org.ow2.asm:asm-util:9.3",
      "downloads": {
        "artifact": {
          "path": "org/ow2/asm/asm-util/9.3/asm-util-9.3.jar",
          "url": "https://maven.minecraftforge.net/org/ow2/asm/asm-util/9.3/asm-util-9.3.jar",
          "sha1": "9595bc05510d0bd4b610188b77333fe4851a1975",
          "size": 85682
        }
      }
    },
    {
      "name": "org.ow2.asm:asm-analysis:9.3",
      "downloads": {
        "artifact": {
          "path": "org/ow2/asm/asm-analysis/9.3/asm-analysis-9.3.jar",
          "url": "https://maven.minecraftforge.net/org/ow2/asm/asm-analysis/9.3/asm-analysis-9.3.jar",
          "sha1": "4b071f211b37c38e0e9f5998550197c8593f6ad8",
          "size": 34276
        }
      }
    },
    {
      "name": "net.minecraftforge:accesstransformers:8.0.4",
      "downloads": {
        "artifact": {
          "path": "net/minecraftforge/accesstransformers/8.0.4/accesstransformers-8.0.4.jar",
          "url": "https://maven.minecraftforge.net/net/minecraftforge/accesstransformers/8.0.4/accesstransformers-8.0.4.jar",
          "sha1": "272d240aa73f42195b2a68e2ebd8b701ecf41f63",
          "size": 77756
        }
      }
    },
    {
      "name": "org.antlr:antlr4-runtime:4.9.1",
      "downloads": {
        "artifact": {
          "path": "org/antlr/antlr4-runtime/4.9.1/antlr4-runtime-4.9.1.jar",
          "url": "https://maven.minecraftforge.net/org/antlr/antlr4-runtime/4.9.1/antlr4-runtime-4.9.1.jar",
          "sha1": "428664f05d2b7f7b7610204b5aa7c1763f62011a",
          "size": 337868
        }
      }
    },
    {
      "name": "net.minecraftforge:eventbus:6.0.3",
      "downloads": {
        "artifact": {
          "path": "net/minecraftforge/eventbus/6.0.3/eventbus-6.0.3.jar",
          "url": "https://maven.minecraftforge.net/net/minecraftforge/eventbus/6.0.3/eventbus-6.0.3.jar",
          "sha1": "42fe522ace1bbcbcbba9c880c42411857baf36a9",
          "size": 52624
        }
      }
    },
    {
      "name": "net.minecraftforge:forgespi:6.0.0",
      "downloads": {
        "artifact": {
          "path": "net/minecraftforge/forgespi/6.0.0/forgespi-6.0.0.jar",
          "url": "https://maven.minecraftforge.net/net/minecraftforge/forgespi/6.0.0/forgespi-6.0.0.jar",
          "sha1": "4a2004591666531f8b30d3402317b1ff6411bd3e",
          "size": 32714
        }
      }
    },
    {
      "name": "net.minecraftforge:coremods:5.0.1",
      "downloads": {
        "artifact": {
          "path": "net/minecraftforge/coremods/5.0.1/coremods-5.0.1.jar",
          "url": "https://maven.minecraftforge.net/net/minecraftforge/coremods/5.0.1/coremods-5.0.1.jar",
          "sha1": "386b00279628b105b2d507539c46e134e96f6237",
          "size": 24199
        }
      }
    },
    {
      "name": "cpw.mods:modlauncher:10.0.8",
      "downloads": {
        "artifact": {
          "path": "cpw/mods/modlauncher/10.0.8/modlauncher-10.0.8.jar",
          "url": "https://maven.minecraftforge.net/cpw/mods/modlauncher/10.0.8/modlauncher-10.0.8.jar",
          "sha1": "658c4ddb704aeeaa94ff3e668785a5eebddd0cb5",
          "size": 130263
        }
      }
    },
    {
      "name": "net.minecraftforge:unsafe:0.2.0",
      "downloads": {
        "artifact": {
          "path": "net/minecraftforge/unsafe/0.2.0/unsafe-0.2.0.jar",
          "url": "https://maven.minecraftforge.net/net/minecraftforge/unsafe/0.2.0/unsafe-0.2.0.jar",
          "sha1": "54d7a0a5e8fdb71b973025caa46f341ae5904f39",
          "size": 2834
        }
      }
    },
    {
      "name": "com.electronwill.night-config:core:3.6.4",
      "downloads": {
        "artifact": {
          "path": "com/electronwill/night-config/core/3.6.4/core-3.6.4.jar",
          "url": "https://maven.minecraftforge.net/com/electronwill/night-config/core/3.6.4/core-3.6.4.jar",
          "sha1": "510f174abbf1c947494db50ef2445683bd52c230",
          "size": 199834
        }
      }
    },
    {
      "name": "com.electronwill.night-config:toml:3.6.4",
      "downloads": {
        "artifact": {
          "path": "com/electronwill/night-config/toml/3.6.4/toml-3.6.4.jar",
          "url": "https://maven.minecraftforge.net/com/electronwill/night-config/toml/3.6.4/toml-3.6.4.jar",
          "sha1": "51d6cefb2b55ee55ee26b16391212fb2c7dfb4f4",
          "size": 31816
        }
      }
    },
    {
      "name": "org.apache.maven:maven-artifact:3.8.5",
      "downloads": {
        "artifact": {
          "path": "org/apache/maven/maven-artifact/3.8.5/maven-artifact-3.8.5.jar",
          "url": "https://maven.minecraftforge.net/org/apache/maven/maven-artifact/3.8.5/maven-artifact-3.8.5.jar",
          "sha1": "4433f50c07debefaed0553bd0068f4f48d449313",
          "size": 58077
        }
      }
    },
    {
      "name": "net.jodah:typetools:0.8.3",
      "downloads": {
        "artifact": {
          "path": "net/jodah/typetools/0.8.3/typetools-0.8.3.jar",
          "url": "https://maven.minecraftforge.net/net/jodah/typetools/0.8.3/typetools-0.8.3.jar",
          "sha1": "98f84f353457629e81cc6827224871b1a8faa7af",
          "size": 15425
        }
      }
    },
    {
      "name": "net.minecrell:terminalconsoleappender:1.2.0",
      "downloads": {
        "artifact": {
          "path": "net/minecrell/terminalconsoleappender/1.2.0/terminalconsoleappender-1.2.0.jar",
          "url": "https://maven.minecraftforge.net/net/minecrell/terminalconsoleappender/1.2.0/terminalconsoleappender-1.2.0.jar",
          "sha1": "96d02cd3b384ff015a8fef4223bcb4ccf1717c95",
          "size": 15977
        }
      }
    },
    {
      "name": "org.jline:jline-reader:3.12.1",
      "downloads": {
        "artifact": {
          "path": "org/jline/jline-reader/3.12.1/jline-reader-3.12.1.jar",
          "url": "https://maven.minecraftforge.net/org/jline/jline-reader/3.12.1/jline-reader-3.12.1.jar",
          "sha1": "4382ab1382c7b6f379377ed5f665dc2f6e1218bc",
          "size": 150765
        }
      }
    },
    {
      "name": "org.jline:jline-terminal:3.12.1",
      "downloads": {
        "artifact": {
          "path": "org/jline/jline-terminal/3.12.1/jline-terminal-3.12.1.jar",
          "url": "https://maven.minecraftforge.net/org/jline/jline-terminal/3.12.1/jline-terminal-3.12.1.jar",
          "sha1": "c777448314e050d980a6b697c140f3bfe9eb7416",
          "size": 211712
        }
      }
    },
    {
      "name": "org.spongepowered:mixin:0.8.5",
      "downloads": {
        "artifact": {
          "path": "org/spongepowered/mixin/0.8.5/mixin-0.8.5.jar",
          "url": "https://maven.minecraftforge.net/org/spongepowered/mixin/0.8.5/mixin-0.8.5.jar",
          "sha1": "9d1c0c3a304ae6697ecd477218fa61b850bf57fc",
          "size": 1089277
        }
      }
    },
    {
      "name": "org.openjdk.nashorn:nashorn-core:15.3",
      "downloads": {
        "artifact": {
          "path": "org/openjdk/nashorn/nashorn-core/15.3/nashorn-core-15.3.jar",
          "url": "https://maven.minecraftforge.net/org/openjdk/nashorn/nashorn-core/15.3/nashorn-core-15.3.jar",
          "sha1": "43977e804697048fc8d81d333a36c17d07a5b3dd",
          "size": 2167288
        }
      }
    },
    {
      "name": "net.minecraftforge:JarJarSelector:0.3.18",
      "downloads": {
        "artifact": {
          "path": "net/minecraftforge/JarJarSelector/0.3.18/JarJarSelector-0.3.18.jar",
          "url": "https://maven.minecraftforge.net/net/minecraftforge/JarJarSelector/0.3.18/JarJarSelector-0.3.18.jar",
          "sha1": "6145809d2a9fbae23bb4fa5a09d5fe0a93709a3e",
          "size": 17374
        }
      }
    },
    {
      "name": "net.minecraftforge:JarJarMetadata:0.3.18",
      "downloads": {
        "artifact": {
          "path": "net/minecraftforge/JarJarMetadata/0.3.18/JarJarMetadata-0.3.18.jar",
          "url": "https://maven.minecraftforge.net/net/minecraftforge/JarJarMetadata/0.3.18/JarJarMetadata-0.3.18.jar",
          "sha1": "c78dd1d27174afa69a62dd4954bfe86e8041a7d9",
          "size": 15895
        }
      }
    },
    {
      "name": "cpw.mods:bootstraplauncher:1.1.2",
      "downloads": {
        "artifact": {
          "path": "cpw/mods/bootstraplauncher/1.1.2/bootstraplauncher-1.1.2.jar",
          "url": "https://maven.minecraftforge.net/cpw/mods/bootstraplauncher/1.1.2/bootstraplauncher-1.1.2.jar",
          "sha1": "0c546e00443d8432cda6baa1c860346980742628",
          "size": 8284
        }
      }
    },
    {
      "name": "net.minecraftforge:JarJarFileSystems:0.3.18",
      "downloads": {
        "artifact": {
          "path": "net/minecraftforge/JarJarFileSystems/0.3.18/JarJarFileSystems-0.3.18.jar",
          "url": "https://maven.minecraftforge.net/net/minecraftforge/JarJarFileSystems/0.3.18/JarJarFileSystems-0.3.18.jar",
          "sha1": "7135ecee6129360ccafd5c646873b60ab7099bf0",
          "size": 32163
        }
      }
    },
    {
      "name": "net.minecraftforge:fmlloader:1.19.3-44.0.18",
      "downloads": {
        "artifact": {
          "path": "net/minecraftforge/fmlloader/1.19.3-44.0.18/fmlloader-1.19.3-44.0.18.jar",
          "url": "https://maven.minecraftforge.net/net/minecraftforge/fmlloader/1.19.3-44.0.18/fmlloader-1.19.3-44.0.18.jar",
          "sha1": "46b09f5ac8cf963bf1b53e3ee86579b0f21eef41",
          "size": 261279
        }
      }
    }
  ],
  "logging": {
    "client": {
      "argument": "-Dlog4j.configurationFile=${path}",
      "file": {
        "id": "client-1.12.xml",
        "sha1": "bd65e7d2e3c237be76cfbef4c2405033d7f91521",
        "size": 888,
        "url": "https://launcher.mojang.com/v1/objects/bd65e7d2e3c237be76cfbef4c2405033d7f91521/client-1.12.xml"
      },
      "type": "log4j2-xml"
    }
  },
  "mainClass": "cpw.mods.bootstraplauncher.BootstrapLauncher",
  "minimumLauncherVersion": 21,
  "releaseTime": "2022-12-07T16:17:18+08:00",
  "time": "2022-12-07T16:17:18+08:00",
  "type": "release",
  "clientVersion": "1.19.3",
  "minecraftArguments": ""
}