{
  "assetIndex": {
    "id": "1.12",
    "sha1": "a21e1ded1a24ea1548dd8db0cf30b6acb02655a9",
    "size": 143136,
    "totalSize": 129843781,
    "url": "https://piston-meta.mojang.com/v1/packages/a21e1ded1a24ea1548dd8db0cf30b6acb02655a9/1.12.json"
  },
  "assets": "1.12",
  "complianceLevel": 0,
  "downloads": {
    "client": {
      "sha1": "0f275bc1547d01fa5f56ba34bdc87d981ee12daf",
      "size": 10180113,
      "url": "https://piston-data.mojang.com/v1/objects/0f275bc1547d01fa5f56ba34bdc87d981ee12daf/client.jar"
    },
    "server": {
      "sha1": "886945bfb2b978778c3a0288fd7fab09d315b25f",
      "size": 30222121,
      "url": "https://piston-data.mojang.com/v1/objects/886945bfb2b978778c3a0288fd7fab09d315b25f/server.jar"
    }
  },
  "logging": {
    "client": {
      "argument": "-Dlog4j.configurationFile=${path}",
      "file": {
        "id": "client-1.12.xml",
        "sha1": "bd65e7d2e3c237be76cfbef4c2405033d7f91521",
        "size": 888,
        "url": "https://piston-data.mojang.com/v1/objects/bd65e7d2e3c237be76cfbef4c2405033d7f91521/client-1.12.xml"
      },
      "type": "log4j2-xml"
    }
  },
  "minimumLauncherVersion": 18,
  "type": "release",
  "libraries": [
    {
      "downloads": {
        "artifact": {
          "path": "com/mojang/patchy/1.3.9/patchy-1.3.9.jar",
          "sha1": "eb8bb7b66fa0e2152b1b40b3856e82f7619439ee",
          "size": 23581,
          "url": "https://libraries.minecraft.net/com/mojang/patchy/1.3.9/patchy-1.3.9.jar"
        }
      },
      "name": "com.mojang:patchy:1.3.9"
    },
    {
      "downloads": {
        "artifact": {
          "path": "oshi-project/oshi-core/1.1/oshi-core-1.1.jar",
          "sha1": "9ddf7b048a8d701be231c0f4f95fd986198fd2d8",
          "size": 30973,
          "url": "https://libraries.minecraft.net/oshi-project/oshi-core/1.1/oshi-core-1.1.jar"
        }
      },
      "name": "oshi-project:oshi-core:1.1"
    },
    {
      "downloads": {
        "artifact": {
          "path": "com/ibm/icu/icu4j-core-mojang/51.2/icu4j-core-mojang-51.2.jar",
          "sha1": "63d216a9311cca6be337c1e458e587f99d382b84",
          "size": 1634692,
          "url": "https://libraries.minecraft.net/com/ibm/icu/icu4j-core-mojang/51.2/icu4j-core-mojang-51.2.jar"
        }
      },
      "name": "com.ibm.icu:icu4j-core-mojang:51.2"
    },
    {
      "downloads": {
        "artifact": {
          "path": "net/sf/jopt-simple/jopt-simple/5.0.3/jopt-simple-5.0.3.jar",
          "sha1": "cdd846cfc4e0f7eefafc02c0f5dce32b9303aa2a",
          "size": 78175,
          "url": "https://libraries.minecraft.net/net/sf/jopt-simple/jopt-simple/5.0.3/jopt-simple-5.0.3.jar"
        }
      },
      "name": "net.sf.jopt-simple:jopt-simple:5.0.3"
    },
    {
      "downloads": {
        "artifact": {
          "path": "com/paulscode/codecjorbis/20101023/codecjorbis-20101023.jar",
          "sha1": "c73b5636faf089d9f00e8732a829577de25237ee",
          "size": 103871,
          "url": "https://libraries.minecraft.net/com/paulscode/codecjorbis/20101023/codecjorbis-20101023.jar"
        }
      },
      "name": "com.paulscode:codecjorbis:20101023"
    },
    {
      "downloads": {
        "artifact": {
          "path": "com/paulscode/codecwav/20101023/codecwav-20101023.jar",
          "sha1": "12f031cfe88fef5c1dd36c563c0a3a69bd7261da",
          "size": 5618,
          "url": "https://libraries.minecraft.net/com/paulscode/codecwav/20101023/codecwav-20101023.jar"
        }
      },
      "name": "com.paulscode:codecwav:20101023"
    },
    {
      "downloads": {
        "artifact": {
          "path": "com/paulscode/libraryjavasound/20101123/libraryjavasound-20101123.jar",
          "sha1": "5c5e304366f75f9eaa2e8cca546a1fb6109348b3",
          "size": 21679,
          "url": "https://libraries.minecraft.net/com/paulscode/libraryjavasound/20101123/libraryjavasound-20101123.jar"
        }
      },
      "name": "com.paulscode:libraryjavasound:20101123"
    },
    {
      "downloads": {
        "artifact": {
          "path": "com/paulscode/librarylwjglopenal/20100824/librarylwjglopenal-20100824.jar",
          "sha1": "73e80d0794c39665aec3f62eee88ca91676674ef",
          "size": 18981,
          "url": "https://libraries.minecraft.net/com/paulscode/librarylwjglopenal/20100824/librarylwjglopenal-20100824.jar"
        }
      },
      "name": "com.paulscode:librarylwjglopenal:20100824"
    },
    {
      "downloads": {
        "artifact": {
          "path": "com/paulscode/soundsystem/20120107/soundsystem-20120107.jar",
          "sha1": "419c05fe9be71f792b2d76cfc9b67f1ed0fec7f6",
          "size": 65020,
          "url": "https://libraries.minecraft.net/com/paulscode/soundsystem/20120107/soundsystem-20120107.jar"
        }
      },
      "name": "com.paulscode:soundsystem:20120107"
    },
    {
      "downloads": {
        "artifact": {
          "path": "io/netty/netty-all/4.1.9.Final/netty-all-4.1.9.Final.jar",
          "sha1": "0097860965d6a0a6b98e7f569f3f966727b8db75",
          "size": 3511093,
          "url": "https://libraries.minecraft.net/io/netty/netty-all/4.1.9.Final/netty-all-4.1.9.Final.jar"
        }
      },
      "name": "io.netty:netty-all:4.1.9.Final"
    },
    {
      "downloads": {
        "artifact": {
          "path": "com/google/guava/guava/21.0/guava-21.0.jar",
          "sha1": "3a3d111be1be1b745edfa7d91678a12d7ed38709",
          "size": 2521113,
          "url": "https://libraries.minecraft.net/com/google/guava/guava/21.0/guava-21.0.jar"
        }
      },
      "name": "com.google.guava:guava:21.0"
    },
    {
      "downloads": {
        "artifact": {
          "path": "org/apache/commons/commons-lang3/3.5/commons-lang3-3.5.jar",
          "sha1": "6c6c702c89bfff3cd9e80b04d668c5e190d588c6",
          "size": 479881,
          "url": "https://libraries.minecraft.net/org/apache/commons/commons-lang3/3.5/commons-lang3-3.5.jar"
        }
      },
      "name": "org.apache.commons:commons-lang3:3.5"
    },
    {
      "downloads": {
        "artifact": {
          "path": "commons-io/commons-io/2.5/commons-io-2.5.jar",
          "sha1": "2852e6e05fbb95076fc091f6d1780f1f8fe35e0f",
          "size": 208700,
          "url": "https://libraries.minecraft.net/commons-io/commons-io/2.5/commons-io-2.5.jar"
        }
      },
      "name": "commons-io:commons-io:2.5"
    },
    {
      "downloads": {
        "artifact": {
          "path": "commons-codec/commons-codec/1.10/commons-codec-1.10.jar",
          "sha1": "4b95f4897fa13f2cd904aee711aeafc0c5295cd8",
          "size": 284184,
          "url": "https://libraries.minecraft.net/commons-codec/commons-codec/1.10/commons-codec-1.10.jar"
        }
      },
      "name": "commons-codec:commons-codec:1.10"
    },
    {
      "downloads": {
        "artifact": {
          "path": "net/java/jinput/jinput/2.0.5/jinput-2.0.5.jar",
          "sha1": "39c7796b469a600f72380316f6b1f11db6c2c7c4",
          "size": 208338,
          "url": "https://libraries.minecraft.net/net/java/jinput/jinput/2.0.5/jinput-2.0.5.jar"
        }
      },
      "name": "net.java.jinput:jinput:2.0.5"
    },
    {
      "downloads": {
        "artifact": {
          "path": "net/java/jutils/jutils/1.0.0/jutils-1.0.0.jar",
          "sha1": "e12fe1fda814bd348c1579329c86943d2cd3c6a6",
          "size": 7508,
          "url": "https://libraries.minecraft.net/net/java/jutils/jutils/1.0.0/jutils-1.0.0.jar"
        }
      },
      "name": "net.java.jutils:jutils:1.0.0"
    },
    {
      "downloads": {
        "artifact": {
          "path": "com/google/code/gson/gson/2.8.0/gson-2.8.0.jar",
          "sha1": "c4ba5371a29ac9b2ad6129b1d39ea38750043eff",
          "size": 231952,
          "url": "https://libraries.minecraft.net/com/google/code/gson/gson/2.8.0/gson-2.8.0.jar"
        }
      },
      "name": "com.google.code.gson:gson:2.8.0"
    },
    {
      "downloads": {
        "artifact": {
          "path": "com/mojang/authlib/1.5.25/authlib-1.5.25.jar",
          "sha1": "9834cdf236c22e84b946bba989e2f94ef5897c3c",
          "size": 65621,
          "url": "https://libraries.minecraft.net/com/mojang/authlib/1.5.25/authlib-1.5.25.jar"
        }
      },
      "name": "com.mojang:authlib:1.5.25"
    },
    {
      "downloads": {
        "artifact": {
          "path": "com/mojang/realms/1.10.22/realms-1.10.22.jar",
          "sha1": "bd0dccebdf3744c75f1ca20063f16e8f7d5e663f",
          "size": 7135057,
          "url": "https://libraries.minecraft.net/com/mojang/realms/1.10.22/realms-1.10.22.jar"
        }
      },
      "name": "com.mojang:realms:1.10.22"
    },
    {
      "downloads": {
        "artifact": {
          "path": "org/apache/commons/commons-compress/1.8.1/commons-compress-1.8.1.jar",
          "sha1": "a698750c16740fd5b3871425f4cb3bbaa87f529d",
          "size": 365552,
          "url": "https://libraries.minecraft.net/org/apache/commons/commons-compress/1.8.1/commons-compress-1.8.1.jar"
        }
      },
      "name": "org.apache.commons:commons-compress:1.8.1"
    },
    {
      "downloads": {
        "artifact": {
          "path": "org/apache/httpcomponents/httpclient/4.3.3/httpclient-4.3.3.jar",
          "sha1": "18f4247ff4572a074444572cee34647c43e7c9c7",
          "size": 589512,
          "url": "https://libraries.minecraft.net/org/apache/httpcomponents/httpclient/4.3.3/httpclient-4.3.3.jar"
        }
      },
      "name": "org.apache.httpcomponents:httpclient:4.3.3"
    },
    {
      "downloads": {
        "artifact": {
          "path": "commons-logging/commons-logging/1.1.3/commons-logging-1.1.3.jar",
          "sha1": "f6f66e966c70a83ffbdb6f17a0919eaf7c8aca7f",
          "size": 62050,
          "url": "https://libraries.minecraft.net/commons-logging/commons-logging/1.1.3/commons-logging-1.1.3.jar"
        }
      },
      "name": "commons-logging:commons-logging:1.1.3"
    },
    {
      "downloads": {
        "artifact": {
          "path": "org/apache/httpcomponents/httpcore/4.3.2/httpcore-4.3.2.jar",
          "sha1": "31fbbff1ddbf98f3aa7377c94d33b0447c646b6e",
          "size": 282269,
          "url": "https://libraries.minecraft.net/org/apache/httpcomponents/httpcore/4.3.2/httpcore-4.3.2.jar"
        }
      },
      "name": "org.apache.httpcomponents:httpcore:4.3.2"
    },
    {
      "downloads": {
        "artifact": {
          "path": "it/unimi/dsi/fastutil/7.1.0/fastutil-7.1.0.jar",
          "sha1": "9835253257524c1be7ab50c057aa2d418fb72082",
          "size": 17655579,
          "url": "https://libraries.minecraft.net/it/unimi/dsi/fastutil/7.1.0/fastutil-7.1.0.jar"
        }
      },
      "name": "it.unimi.dsi:fastutil:7.1.0"
    },
    {
      "downloads": {
        "artifact": {
          "path": "org/apache/logging/log4j/log4j-api/2.8.1/log4j-api-2.8.1.jar",
          "sha1": "e801d13612e22cad62a3f4f3fe7fdbe6334a8e72",
          "size": 228859,
          "url": "https://libraries.minecraft.net/org/apache/logging/log4j/log4j-api/2.8.1/log4j-api-2.8.1.jar"
        }
      },
      "name": "org.apache.logging.log4j:log4j-api:2.8.1"
    },
    {
      "downloads": {
        "artifact": {
          "path": "org/apache/logging/log4j/log4j-core/2.8.1/log4j-core-2.8.1.jar",
          "sha1": "4ac28ff2f1ddf05dae3043a190451e8c46b73c31",
          "size": 1402925,
          "url": "https://libraries.minecraft.net/org/apache/logging/log4j/log4j-core/2.8.1/log4j-core-2.8.1.jar"
        }
      },
      "name": "org.apache.logging.log4j:log4j-core:2.8.1"
    },
    {
      "downloads": {
        "artifact": {
          "path": "com/mojang/text2speech/1.10.3/text2speech-1.10.3.jar",
          "sha1": "48fd510879dff266c3815947de66e3d4809f8668",
          "size": 11055,
          "url": "https://libraries.minecraft.net/com/mojang/text2speech/1.10.3/text2speech-1.10.3.jar"
        }
      },
      "name": "com.mojang:text2speech:1.10.3"
    },
    {
      "downloads": {
        "artifact": {
          "path": "com/mojang/text2speech/1.10.3/text2speech-1.10.3.jar",
          "sha1": "48fd510879dff266c3815947de66e3d4809f8668",
          "size": 11055,
          "url": "https://libraries.minecraft.net/com/mojang/text2speech/1.10.3/text2speech-1.10.3.jar"
        },
        "classifiers": {
          "natives-linux": {
            "path": "com/mojang/text2speech/1.10.3/text2speech-1.10.3-natives-linux.jar",
            "sha1": "ab7896aec3b3dd272b06194357f2d98f832c0cfc",
            "size": 7833,
            "url": "https://libraries.minecraft.net/com/mojang/text2speech/1.10.3/text2speech-1.10.3-natives-linux.jar"
          },
          "natives-windows": {
            "path": "com/mojang/text2speech/1.10.3/text2speech-1.10.3-natives-windows.jar",
            "sha1": "84a4b856389cc4f485275b1f63497a95a857a443",
            "size": 81217,
            "url": "https://libraries.minecraft.net/com/mojang/text2speech/1.10.3/text2speech-1.10.3-natives-windows.jar"
          }
        }
      },
      "extract": {
        "exclude": [
          "META-INF/"
        ]
      },
      "name": "com.mojang:text2speech:1.10.3",
      "natives": {
        "linux": "natives-linux",
        "windows": "natives-windows"
      }
    },
    {
      "name": "net.java.dev.jna:jna-platform:5.12.1",
      "downloads": {
        "artifact": {
          "path": "net/java/dev/jna/jna-platform/5.12.1/jna-platform-5.12.1.jar",
          "sha1": "097406a297c852f4a41e688a176ec675f72e8329",
          "size": 1356627,
          "url": "https://libraries.minecraft.net/net/java/dev/jna/jna-platform/5.12.1/jna-platform-5.12.1.jar"
        }
      }
    },
    {
      "name": "net.java.dev.jna:jna:5.12.1",
      "downloads": {
        "artifact": {
          "path": "net/java/dev/jna/jna/5.12.1/jna-5.12.1.jar",
          "sha1": "b1e93a735caea94f503e95e6fe79bf9cdc1e985d",
          "size": 1866196,
          "url": "https://libraries.minecraft.net/net/java/dev/jna/jna/5.12.1/jna-5.12.1.jar"
        }
      }
    },
    {
      "name": "ca.weblite:java-objc-bridge:1.1",
      "downloads": {
        "artifact": {
          "path": "ca/weblite/java-objc-bridge/1.1/java-objc-bridge-1.1.jar",
          "sha1": "1227f9e0666314f9de41477e3ec277e542ed7f7b",
          "size": 1330045,
          "url": "https://libraries.minecraft.net/ca/weblite/java-objc-bridge/1.1/java-objc-bridge-1.1.jar"
        }
      },
      "rules": [
        {
          "action": "allow",
          "os": {
            "name": "osx"
          }
        }
      ]
    },
    {
      "name": "javax.annotation:javax.annotation-api:1.3.2",
      "downloads": {
        "artifact": {
          "path": "javax/annotation/javax.annotation-api/1.3.2/javax.annotation-api-1.3.2.jar",
          "sha1": "934c04d3cfef185a8008e7bf34331b79730a9d43",
          "size": 26586,
          "url": "https://releases.r2.labymod.net/libraries/javax/annotation/javax.annotation-api/1.3.2/javax.annotation-api-1.3.2.jar"
        }
      }
    },
    {
      "name": "net.labymod.serverapi:protocol:0.0.11",
      "downloads": {
        "artifact": {
          "path": "net/labymod/serverapi/protocol/0.0.11/protocol-0.0.11.jar",
          "sha1": "e20a3d3cc296a97a1bdb21731a736a05da966e30",
          "size": 66502,
          "url": "https://releases.r2.labymod.net/libraries/net/labymod/serverapi/protocol/0.0.11/protocol-0.0.11.jar"
        }
      }
    },
    {
      "name": "aopalliance:aopalliance:1.0",
      "downloads": {
        "artifact": {
          "path": "aopalliance/aopalliance/1.0/aopalliance-1.0.jar",
          "sha1": "0235ba8b489512805ac13a8f9ea77a1ca5ebe3e8",
          "size": 4467,
          "url": "https://releases.r2.labymod.net/libraries/aopalliance/aopalliance/1.0/aopalliance-1.0.jar"
        }
      }
    },
    {
      "name": "javax.inject:javax.inject:1",
      "downloads": {
        "artifact": {
          "path": "javax/inject/javax.inject/1/javax.inject-1.jar",
          "sha1": "6975da39a7040257bd51d21a231b76c915872d38",
          "size": 2497,
          "url": "https://releases.r2.labymod.net/libraries/javax/inject/javax.inject/1/javax.inject-1.jar"
        }
      }
    },
    {
      "name": "org.jetbrains:annotations:22.0.0",
      "downloads": {
        "artifact": {
          "path": "org/jetbrains/annotations/22.0.0/annotations-22.0.0.jar",
          "sha1": "fb9bebc90794c7602e73d6ed0cb165a0c650be62",
          "size": 28482,
          "url": "https://releases.r2.labymod.net/libraries/org/jetbrains/annotations/22.0.0/annotations-22.0.0.jar"
        }
      }
    },
    {
      "name": "net.labymod.jncrmx:discord-game-sdk4j:0.5.6",
      "downloads": {
        "artifact": {
          "path": "net/labymod/jncrmx/discord-game-sdk4j/0.5.6/discord-game-sdk4j-0.5.6.jar",
          "sha1": "eea906712d00c14db682687c0d6efbb7b4408f43",
          "size": 218913,
          "url": "https://releases.r2.labymod.net/libraries/net/labymod/jncrmx/discord-game-sdk4j/0.5.6/discord-game-sdk4j-0.5.6.jar"
        }
      }
    },
    {
      "name": "net.labymod:account-manager:1.2.1",
      "downloads": {
        "artifact": {
          "path": "net/labymod/account-manager/1.2.1/account-manager-1.2.1.jar",
          "sha1": "90db479c7e8fc958e2c11fc9262df1fe2667d062",
          "size": 93977,
          "url": "https://releases.r2.labymod.net/libraries/net/labymod/account-manager/1.2.1/account-manager-1.2.1.jar"
        }
      }
    },
    {
      "name": "org.sejda.imageio:webp-imageio:0.1.6",
      "downloads": {
        "artifact": {
          "path": "org/sejda/imageio/webp-imageio/0.1.6/webp-imageio-0.1.6.jar",
          "sha1": "a696ea5b49d5b4dc7addea513550f0519fd0713f",
          "size": 1098331,
          "url": "https://releases.r2.labymod.net/libraries/org/sejda/imageio/webp-imageio/0.1.6/webp-imageio-0.1.6.jar"
        }
      }
    },
    {
      "name": "net.labymod:AccessWidener:0.1.0",
      "downloads": {
        "artifact": {
          "path": "net/labymod/AccessWidener/0.1.0/AccessWidener-0.1.0.jar",
          "sha1": "1fda9bfc1fefb8fad47fb246348a190b91c15194",
          "size": 21789,
          "url": "https://releases.r2.labymod.net/libraries/net/labymod/AccessWidener/0.1.0/AccessWidener-0.1.0.jar"
        }
      }
    },
    {
      "name": "pt.davidafsilva.apple:jkeychain:1.0.0",
      "downloads": {
        "artifact": {
          "path": "pt/davidafsilva/apple/jkeychain/1.0.0/jkeychain-1.0.0.jar",
          "sha1": "49f09e58029bea77da74b80fb8d9964cf3c66aa0",
          "size": 12164,
          "url": "https://releases.r2.labymod.net/libraries/pt/davidafsilva/apple/jkeychain/1.0.0/jkeychain-1.0.0.jar"
        }
      }
    },
    {
      "name": "com.github.vatbub:mslinks:1.0.6.2",
      "downloads": {
        "artifact": {
          "path": "com/github/vatbub/mslinks/1.0.6.2/mslinks-1.0.6.2.jar",
          "sha1": "c05b2457b5bed0dce6a451245604871d2ece510b",
          "size": 67773,
          "url": "https://releases.r2.labymod.net/libraries/com/github/vatbub/mslinks/1.0.6.2/mslinks-1.0.6.2.jar"
        }
      }
    },
    {
      "name": "net.labymod:dnsjava:4.0.0",
      "downloads": {
        "artifact": {
          "path": "net/labymod/dnsjava/4.0.0/dnsjava-4.0.0.jar",
          "sha1": "9605a26f5115cd7571a1a5577eadb228ca875799",
          "size": 525051,
          "url": "https://releases.r2.labymod.net/libraries/net/labymod/dnsjava/4.0.0/dnsjava-4.0.0.jar"
        }
      }
    },
    {
      "name": "io.sentry:sentry:6.13.0",
      "downloads": {
        "artifact": {
          "path": "io/sentry/sentry/6.13.0/sentry-6.13.0.jar",
          "sha1": "e088abbd92ce5bdee76e7b3cc33a6368397816b8",
          "size": 639718,
          "url": "https://releases.r2.labymod.net/libraries/io/sentry/sentry/6.13.0/sentry-6.13.0.jar"
        }
      }
    },
    {
      "name": "net.labymod.labypeer:client:3.1",
      "downloads": {
        "artifact": {
          "path": "net/labymod/labypeer/client/3.1/client-3.1.jar",
          "sha1": "a8693dae28803306dfaae2067f11e9e89f571981",
          "size": 36953,
          "url": "https://releases.r2.labymod.net/libraries/net/labymod/labypeer/client/3.1/client-3.1.jar"
        }
      }
    },
    {
      "name": "net.labymod:ForgeAutoRenamingTool:0.1.3+1.0.2",
      "downloads": {
        "artifact": {
          "path": "net/labymod/ForgeAutoRenamingTool/0.1.3+1.0.2/ForgeAutoRenamingTool-0.1.3+1.0.2.jar",
          "sha1": "30de88b63ee132a3e48a63a1ca894d1481ed3ead",
          "size": 96243,
          "url": "https://releases.r2.labymod.net/libraries/net/labymod/ForgeAutoRenamingTool/0.1.3.1.0.2/ForgeAutoRenamingTool-0.1.3.1.0.2.jar"
        }
      }
    },
    {
      "name": "net.labymod.labypeer:common:3.1",
      "downloads": {
        "artifact": {
          "path": "net/labymod/labypeer/common/3.1/common-3.1.jar",
          "sha1": "3d74a2789c362496edaa51b887b0468984dad806",
          "size": 5776,
          "url": "https://releases.r2.labymod.net/libraries/net/labymod/labypeer/common/3.1/common-3.1.jar"
        }
      }
    },
    {
      "name": "net.sf.jopt-simple:jopt-simple:6.0-alpha-3",
      "downloads": {
        "artifact": {
          "path": "net/sf/jopt-simple/jopt-simple/6.0-alpha-3/jopt-simple-6.0-alpha-3.jar",
          "sha1": "02ab1a73e1e22d2b73469362a0908a98644b681d",
          "size": 79368,
          "url": "https://releases.r2.labymod.net/libraries/net/sf/jopt-simple/jopt-simple/6.0-alpha-3/jopt-simple-6.0-alpha-3.jar"
        }
      }
    },
    {
      "name": "org.ow2.asm:asm-commons:9.5",
      "downloads": {
        "artifact": {
          "path": "org/ow2/asm/asm-commons/9.5/asm-commons-9.5.jar",
          "sha1": "19ab5b5800a3910d30d3a3e64fdb00fd0cb42de0",
          "size": 72209,
          "url": "https://releases.r2.labymod.net/libraries/org/ow2/asm/asm-commons/9.5/asm-commons-9.5.jar"
        }
      }
    },
    {
      "name": "org.ow2.asm:asm-tree:9.5",
      "downloads": {
        "artifact": {
          "path": "org/ow2/asm/asm-tree/9.5/asm-tree-9.5.jar",
          "sha1": "fd33c8b6373abaa675be407082fdfda35021254a",
          "size": 51944,
          "url": "https://releases.r2.labymod.net/libraries/org/ow2/asm/asm-tree/9.5/asm-tree-9.5.jar"
        }
      }
    },
    {
      "name": "org.ow2.asm:asm:9.5",
      "downloads": {
        "artifact": {
          "path": "org/ow2/asm/asm/9.5/asm-9.5.jar",
          "sha1": "dc6ea1875f4d64fbc85e1691c95b96a3d8569c90",
          "size": 121863,
          "url": "https://releases.r2.labymod.net/libraries/org/ow2/asm/asm/9.5/asm-9.5.jar"
        }
      }
    },
    {
      "name": "net.minecraftforge:srgutils:0.5.4",
      "downloads": {
        "artifact": {
          "path": "net/minecraftforge/srgutils/0.5.4/srgutils-0.5.4.jar",
          "sha1": "466ab65867111d63542b1753f98daab797b7a048",
          "size": 72075,
          "url": "https://releases.r2.labymod.net/libraries/net/minecraftforge/srgutils/0.5.4/srgutils-0.5.4.jar"
        }
      }
    },
    {
      "name": "net.minecraft:launchwrapper:3.1.4",
      "downloads": {
        "artifact": {
          "path": "net/minecraft/launchwrapper/3.1.4/launchwrapper-3.1.4.jar",
          "sha1": "fcf01f0325b55059c8ca685001ceb05b54d6bfef",
          "size": 29511,
          "url": "https://releases.r2.labymod.net/libraries/net/minecraft/launchwrapper/3.1.4/launchwrapper-3.1.4.jar"
        }
      }
    },
    {
      "name": "org.ow2.asm:asm-util:9.5",
      "downloads": {
        "artifact": {
          "path": "org/ow2/asm/asm-util/9.5/asm-util-9.5.jar",
          "sha1": "64b5a1fc8c1b15ed2efd6a063e976bc8d3dc5ffe",
          "size": 91076,
          "url": "https://releases.r2.labymod.net/libraries/org/ow2/asm/asm-util/9.5/asm-util-9.5.jar"
        }
      }
    },
    {
      "name": "org.ow2.asm:asm-analysis:9.5",
      "downloads": {
        "artifact": {
          "path": "org/ow2/asm/asm-analysis/9.5/asm-analysis-9.5.jar",
          "sha1": "490bacc77de7cbc0be1a30bb3471072d705be4a4",
          "size": 33978,
          "url": "https://releases.r2.labymod.net/libraries/org/ow2/asm/asm-analysis/9.5/asm-analysis-9.5.jar"
        }
      }
    },
    {
      "name": "net.labymod:sponge-mixin:0.3.5+0.12.5+mixin.0.8.5",
      "downloads": {
        "artifact": {
          "path": "net/labymod/sponge-mixin/0.3.5+0.12.5+mixin.0.8.5/sponge-mixin-0.3.5+0.12.5+mixin.0.8.5.jar",
          "sha1": "f041737dec19f407e1553b26d9c56a9fb2f79c27",
          "size": 1453219,
          "url": "https://releases.r2.labymod.net/libraries/net/labymod/sponge-mixin/0.3.5.0.12.5.mixin.0.8.5/sponge-mixin-0.3.5.0.12.5.mixin.0.8.5.jar"
        }
      }
    },
    {
      "name": "it.unimi.dsi:fastutil:8.5.6",
      "downloads": {
        "artifact": {
          "path": "it/unimi/dsi/fastutil/8.5.6/fastutil-8.5.6.jar",
          "sha1": "76f95700418a68fbc4ac050525261f05dc681ca1",
          "size": 23565248,
          "url": "https://releases.r2.labymod.net/libraries/it/unimi/dsi/fastutil/8.5.6/fastutil-8.5.6.jar"
        }
      }
    },
    {
      "name": "net.labymod:LabyMod:4",
      "downloads": {
        "artifact": {
          "path": "net/labymod/LabyMod/4/LabyMod-4.jar",
          "sha1": "1ca5775bb01480a9cbff336c80160bd0e90e9bbb",
          "size": 12735375,
          "url": "https://laby-releases.s3.de.io.cloud.ovh.net/api/v1/download/labymod4/production/4a989826.jar"
        }
      }
    }
  ],
  "mainClass": "net.minecraft.launchwrapper.Launch",
  "_minecraftVersion": "1.12.2",
  "javaVersion": {
    "component": "java-runtime-gamma",
    "version": 17
  },
  "arguments": {
    "game": [
      "--username",
      "${auth_player_name}",
      "--version",
      "${version_name}",
      "--gameDir",
      "${game_directory}",
      "--assetsDir",
      "${assets_root}",
      "--assetIndex",
      "${assets_index_name}",
      "--uuid",
      "${auth_uuid}",
      "--accessToken",
      "${auth_access_token}",
      "--clientId",
      "${clientid}",
      "--xuid",
      "${auth_xuid}",
      "--userType",
      "${user_type}",
      "--versionType",
      "${version_type}",
      "--dummyMinecraftClass",
      "net.minecraft.client.main.Main",
      "--tweakClass",
      "net.labymod.core.loader.vanilla.launchwrapper.LabyModLaunchWrapperTweaker",
      {
        "rules": [
          {
            "action": "allow",
            "features": {
              "is_demo_user": true
            }
          }
        ],
        "value": "--demo"
      },
      {
        "rules": [
          {
            "action": "allow",
            "features": {
              "has_custom_resolution": true
            }
          }
        ],
        "value": [
          "--width",
          "${resolution_width}",
          "--height",
          "${resolution_height}"
        ]
      },
      {
        "rules": [
          {
            "action": "allow",
            "features": {
              "has_quick_plays_support": true
            }
          }
        ],
        "value": [
          "--quickPlayPath",
          "${quickPlayPath}"
        ]
      },
      {
        "rules": [
          {
            "action": "allow",
            "features": {
              "is_quick_play_singleplayer": true
            }
          }
        ],
        "value": [
          "--quickPlaySingleplayer",
          "${quickPlaySingleplayer}"
        ]
      },
      {
        "rules": [
          {
            "action": "allow",
            "features": {
              "is_quick_play_multiplayer": true
            }
          }
        ],
        "value": [
          "--quickPlayMultiplayer",
          "${quickPlayMultiplayer}"
        ]
      },
      {
        "rules": [
          {
            "action": "allow",
            "features": {
              "is_quick_play_realms": true
            }
          }
        ],
        "value": [
          "--quickPlayRealms",
          "${quickPlayRealms}"
        ]
      }
    ],
    "jvm": [
      {
        "rules": [
          {
            "action": "allow",
            "os": {
              "name": "osx"
            }
          }
        ],
        "value": [
          "-XstartOnFirstThread"
        ]
      },
      {
        "rules": [
          {
            "action": "allow",
            "os": {
              "name": "windows"
            }
          }
        ],
        "value": "-XX:HeapDumpPath=MojangTricksIntelDriversForPerformance_javaw.exe_minecraft.exe.heapdump"
      },
      {
        "rules": [
          {
            "action": "allow",
            "os": {
              "arch": "x86"
            }
          }
        ],
        "value": "-Xss1M"
      },
      "-Dnet.labymod.running-version=1.12.2",
      "-Djava.library.path=${natives_directory}",
      "-Djna.tmpdir=${natives_directory}",
      "-Dorg.lwjgl.system.SharedLibraryExtractPath=${natives_directory}",
      "-Dio.netty.native.workdir=${natives_directory}",
      "-Dminecraft.launcher.brand=${launcher_name}",
      "-Dminecraft.launcher.version=${launcher_version}",
      "-cp",
      "${classpath}"
    ]
  },
  "id": "LabyMod-4-1.12.2-4a989826",
  "releaseTime": "2023-08-02T03:00:30",
  "time": "2023-08-02T03:00:30",
  "labymod_data": {
    "channelType": "production",
    "commitReference": "4a989826",
    "version": "4.0.5",
    "versionType": "release"
  }
}