{
  "id": "MC Eternal",
  "minecraftArguments": "--tweakClass net.minecraftforge.fml.common.launcher.FMLTweaker --tweakClass optifine.OptiFineForgeTweaker --username ${auth_player_name} --version ${version_name} --gameDir ${game_directory} --assetsDir ${assets_root} --assetIndex ${assets_index_name} --uuid ${auth_uuid} --accessToken ${auth_access_token} --userType ${user_type} --versionType Forge",
  "mainClass": "net.minecraft.launchwrapper.Launch",
  "jar": "MC Eternal",
  "assetIndex": {
    "totalSize": 129843781,
    "id": "1.12",
    "url": "https://piston-meta.mojang.com/v1/packages/a21e1ded1a24ea1548dd8db0cf30b6acb02655a9/1.12.json",
    "sha1": "a21e1ded1a24ea1548dd8db0cf30b6acb02655a9",
    "size": 143136
  },
  "assets": "1.12",
  "javaVersion": {
    "component": "jre-legacy",
    "majorVersion": 8
  },
  "libraries": [
    {
      "name": "net.minecraftforge:forge:1.12.2-14.23.5.2860",
      "downloads": {}
    },
    {
      "name": "org.ow2.asm:asm-debug-all:5.2",
      "downloads": {
        "artifact": {
          "path": "org/ow2/asm/asm-debug-all/5.2/asm-debug-all-5.2.jar",
          "url": "https://maven.minecraftforge.net/org/ow2/asm/asm-debug-all/5.2/asm-debug-all-5.2.jar",
          "sha1": "3354e11e2b34215f06dab629ab88e06aca477c19",
          "size": 387903
        }
      }
    },
    {
      "name": "net.minecraft:launchwrapper:1.12",
      "downloads": {
        "artifact": {
          "path": "net/minecraft/launchwrapper/1.12/launchwrapper-1.12.jar",
          "url": "https://libraries.minecraft.net/net/minecraft/launchwrapper/1.12/launchwrapper-1.12.jar",
          "sha1": "111e7bea9c968cdb3d06ef4632bf7ff0824d0f36",
          "size": 32999
        }
      }
    },
    {
      "name": "org.jline:jline:3.5.1",
      "downloads": {
        "artifact": {
          "path": "org/jline/jline/3.5.1/jline-3.5.1.jar",
          "url": "https://maven.minecraftforge.net/org/jline/jline/3.5.1/jline-3.5.1.jar",
          "sha1": "51800e9d7a13608894a5a28eed0f5c7fa2f300fb",
          "size": 614590
        }
      }
    },
    {
      "name": "com.typesafe.akka:akka-actor_2.11:2.3.3",
      "downloads": {
        "artifact": {
          "path": "com/typesafe/akka/akka-actor_2.11/2.3.3/akka-actor_2.11-2.3.3.jar",
          "url": "https://maven.minecraftforge.net/com/typesafe/akka/akka-actor_2.11/2.3.3/akka-actor_2.11-2.3.3.jar",
          "sha1": "ed62e9fc709ca0f2ff1a3220daa8b70a2870078e",
          "size": 2514991
        }
      }
    },
    {
      "name": "com.typesafe:config:1.2.1",
      "downloads": {
        "artifact": {
          "path": "com/typesafe/config/1.2.1/config-1.2.1.jar",
          "url": "https://maven.minecraftforge.net/com/typesafe/config/1.2.1/config-1.2.1.jar",
          "sha1": "f771f71fdae3df231bcd54d5ca2d57f0bf93f467",
          "size": 219554
        }
      }
    },
    {
      "name": "org.scala-lang:scala-actors-migration_2.11:1.1.0",
      "downloads": {
        "artifact": {
          "path": "org/scala-lang/scala-actors-migration_2.11/1.1.0/scala-actors-migration_2.11-1.1.0.jar",
          "url": "https://maven.minecraftforge.net/org/scala-lang/scala-actors-migration_2.11/1.1.0/scala-actors-migration_2.11-1.1.0.jar",
          "sha1": "dfa8bc42b181d5b9f1a5dd147f8ae308b893eb6f",
          "size": 58018
        }
      }
    },
    {
      "name": "org.scala-lang:scala-compiler:2.11.1",
      "downloads": {
        "artifact": {
          "path": "org/scala-lang/scala-compiler/2.11.1/scala-compiler-2.11.1.jar",
          "url": "https://maven.minecraftforge.net/org/scala-lang/scala-compiler/2.11.1/scala-compiler-2.11.1.jar",
          "sha1": "56ea2e6c025e0821f28d73ca271218b8dd04926a",
          "size": 13449765
        }
      }
    },
    {
      "name": "org.scala-lang.plugins:scala-continuations-library_2.11:1.0.2_mc",
      "downloads": {
        "artifact": {
          "path": "org/scala-lang/plugins/scala-continuations-library_2.11/1.0.2_mc/scala-continuations-library_2.11-1.0.2_mc.jar",
          "url": "https://maven.minecraftforge.net/org/scala-lang/plugins/scala-continuations-library_2.11/1.0.2_mc/scala-continuations-library_2.11-1.0.2_mc.jar",
          "sha1": "0e517c53a7e9acd6b1668c5a35eccbaa3bab9aac",
          "size": 25365
        }
      }
    },
    {
      "name": "org.scala-lang.plugins:scala-continuations-plugin_2.11.1:1.0.2_mc",
      "downloads": {
        "artifact": {
          "path": "org/scala-lang/plugins/scala-continuations-plugin_2.11.1/1.0.2_mc/scala-continuations-plugin_2.11.1-1.0.2_mc.jar",
          "url": "https://maven.minecraftforge.net/org/scala-lang/plugins/scala-continuations-plugin_2.11.1/1.0.2_mc/scala-continuations-plugin_2.11.1-1.0.2_mc.jar",
          "sha1": "f361a3283452c57fa30c1ee69448995de23c60f7",
          "size": 206575
        }
      }
    },
    {
      "name": "org.scala-lang:scala-library:2.11.1",
      "downloads": {
        "artifact": {
          "path": "org/scala-lang/scala-library/2.11.1/scala-library-2.11.1.jar",
          "url": "https://maven.minecraftforge.net/org/scala-lang/scala-library/2.11.1/scala-library-2.11.1.jar",
          "sha1": "0e11da23da3eabab9f4777b9220e60d44c1aab6a",
          "size": 5538130
        }
      }
    },
    {
      "name": "org.scala-lang:scala-parser-combinators_2.11:1.0.1",
      "downloads": {
        "artifact": {
          "path": "org/scala-lang/scala-parser-combinators_2.11/1.0.1/scala-parser-combinators_2.11-1.0.1.jar",
          "url": "https://maven.minecraftforge.net/org/scala-lang/scala-parser-combinators_2.11/1.0.1/scala-parser-combinators_2.11-1.0.1.jar",
          "sha1": "f05d7345bf5a58924f2837c6c1f4d73a938e1ff0",
          "size": 419701
        }
      }
    },
    {
      "name": "org.scala-lang:scala-reflect:2.11.1",
      "downloads": {
        "artifact": {
          "path": "org/scala-lang/scala-reflect/2.11.1/scala-reflect-2.11.1.jar",
          "url": "https://maven.minecraftforge.net/org/scala-lang/scala-reflect/2.11.1/scala-reflect-2.11.1.jar",
          "sha1": "6580347e61cc7f8e802941e7fde40fa83b8badeb",
          "size": 4372892
        }
      }
    },
    {
      "name": "org.scala-lang:scala-swing_2.11:1.0.1",
      "downloads": {
        "artifact": {
          "path": "org/scala-lang/scala-swing_2.11/1.0.1/scala-swing_2.11-1.0.1.jar",
          "url": "https://maven.minecraftforge.net/org/scala-lang/scala-swing_2.11/1.0.1/scala-swing_2.11-1.0.1.jar",
          "sha1": "b1cdd92bd47b1e1837139c1c53020e86bb9112ae",
          "size": 726500
        }
      }
    },
    {
      "name": "org.scala-lang:scala-xml_2.11:1.0.2",
      "downloads": {
        "artifact": {
          "path": "org/scala-lang/scala-xml_2.11/1.0.2/scala-xml_2.11-1.0.2.jar",
          "url": "https://maven.minecraftforge.net/org/scala-lang/scala-xml_2.11/1.0.2/scala-xml_2.11-1.0.2.jar",
          "sha1": "7a80ec00aec122fba7cd4e0d4cdd87ff7e4cb6d0",
          "size": 648679
        }
      }
    },
    {
      "name": "lzma:lzma:0.0.1",
      "downloads": {
        "artifact": {
          "path": "lzma/lzma/0.0.1/lzma-0.0.1.jar",
          "url": "https://libraries.minecraft.net/lzma/lzma/0.0.1/lzma-0.0.1.jar",
          "sha1": "521616dc7487b42bef0e803bd2fa3faf668101d7",
          "size": 5762
        }
      }
    },
    {
      "name": "java3d:vecmath:1.5.2",
      "downloads": {
        "artifact": {
          "path": "java3d/vecmath/1.5.2/vecmath-1.5.2.jar",
          "url": "https://libraries.minecraft.net/java3d/vecmath/1.5.2/vecmath-1.5.2.jar",
          "sha1": "79846ba34cbd89e2422d74d53752f993dcc2ccaf",
          "size": 318956
        }
      }
    },
    {
      "name": "net.sf.trove4j:trove4j:3.0.3",
      "downloads": {
        "artifact": {
          "path": "net/sf/trove4j/trove4j/3.0.3/trove4j-3.0.3.jar",
          "url": "https://libraries.minecraft.net/net/sf/trove4j/trove4j/3.0.3/trove4j-3.0.3.jar",
          "sha1": "42ccaf4761f0dfdfa805c9e340d99a755907e2dd",
          "size": 2523218
        }
      }
    },
    {
      "name": "org.apache.maven:maven-artifact:3.5.3",
      "downloads": {
        "artifact": {
          "path": "org/apache/maven/maven-artifact/3.5.3/maven-artifact-3.5.3.jar",
          "url": "https://maven.minecraftforge.net/org/apache/maven/maven-artifact/3.5.3/maven-artifact-3.5.3.jar",
          "sha1": "7dc72b6d6d8a6dced3d294ed54c2cc3515ade9f4",
          "size": 54961
        }
      }
    },
    {
      "name": "net.sf.jopt-simple:jopt-simple:5.0.3",
      "downloads": {
        "artifact": {
          "path": "net/sf/jopt-simple/jopt-simple/5.0.3/jopt-simple-5.0.3.jar",
          "url": "https://libraries.minecraft.net/net/sf/jopt-simple/jopt-simple/5.0.3/jopt-simple-5.0.3.jar",
          "sha1": "cdd846cfc4e0f7eefafc02c0f5dce32b9303aa2a",
          "size": 78175
        }
      }
    },
    {
      "name": "org.apache.logging.log4j:log4j-api:2.15.0",
      "downloads": {
        "artifact": {
          "path": "org/apache/logging/log4j/log4j-api/2.15.0/log4j-api-2.15.0.jar",
          "url": "https://maven.minecraftforge.net/org/apache/logging/log4j/log4j-api/2.15.0/log4j-api-2.15.0.jar",
          "sha1": "4a5aa7e55a29391c6f66e0b259d5189aa11e45d0",
          "size": 301804
        }
      }
    },
    {
      "name": "org.apache.logging.log4j:log4j-core:2.15.0",
      "downloads": {
        "artifact": {
          "path": "org/apache/logging/log4j/log4j-core/2.15.0/log4j-core-2.15.0.jar",
          "url": "https://maven.minecraftforge.net/org/apache/logging/log4j/log4j-core/2.15.0/log4j-core-2.15.0.jar",
          "sha1": "ba55c13d7ac2fd44df9cc8074455719a33f375b9",
          "size": 1789769
        }
      }
    },
    {
      "name": "com.mojang:patchy:1.3.9",
      "downloads": {
        "artifact": {
          "path": "com/mojang/patchy/1.3.9/patchy-1.3.9.jar",
          "url": "https://libraries.minecraft.net/com/mojang/patchy/1.3.9/patchy-1.3.9.jar",
          "sha1": "eb8bb7b66fa0e2152b1b40b3856e82f7619439ee",
          "size": 23581
        }
      }
    },
    {
      "name": "oshi-project:oshi-core:1.1",
      "downloads": {
        "artifact": {
          "path": "oshi-project/oshi-core/1.1/oshi-core-1.1.jar",
          "url": "https://libraries.minecraft.net/oshi-project/oshi-core/1.1/oshi-core-1.1.jar",
          "sha1": "9ddf7b048a8d701be231c0f4f95fd986198fd2d8",
          "size": 30973
        }
      }
    },
    {
      "name": "net.java.dev.jna:jna:4.4.0",
      "downloads": {
        "artifact": {
          "path": "net/java/dev/jna/jna/4.4.0/jna-4.4.0.jar",
          "url": "https://libraries.minecraft.net/net/java/dev/jna/jna/4.4.0/jna-4.4.0.jar",
          "sha1": "cb208278274bf12ebdb56c61bd7407e6f774d65a",
          "size": 1091208
        }
      }
    },
    {
      "name": "net.java.dev.jna:platform:3.4.0",
      "downloads": {
        "artifact": {
          "path": "net/java/dev/jna/platform/3.4.0/platform-3.4.0.jar",
          "url": "https://libraries.minecraft.net/net/java/dev/jna/platform/3.4.0/platform-3.4.0.jar",
          "sha1": "e3f70017be8100d3d6923f50b3d2ee17714e9c13",
          "size": 913436
        }
      }
    },
    {
      "name": "com.ibm.icu:icu4j-core-mojang:51.2",
      "downloads": {
        "artifact": {
          "path": "com/ibm/icu/icu4j-core-mojang/51.2/icu4j-core-mojang-51.2.jar",
          "url": "https://libraries.minecraft.net/com/ibm/icu/icu4j-core-mojang/51.2/icu4j-core-mojang-51.2.jar",
          "sha1": "63d216a9311cca6be337c1e458e587f99d382b84",
          "size": 1634692
        }
      }
    },
    {
      "name": "com.paulscode:codecjorbis:20101023",
      "downloads": {
        "artifact": {
          "path": "com/paulscode/codecjorbis/20101023/codecjorbis-20101023.jar",
          "url": "https://libraries.minecraft.net/com/paulscode/codecjorbis/20101023/codecjorbis-20101023.jar",
          "sha1": "c73b5636faf089d9f00e8732a829577de25237ee",
          "size": 103871
        }
      }
    },
    {
      "name": "com.paulscode:codecwav:20101023",
      "downloads": {
        "artifact": {
          "path": "com/paulscode/codecwav/20101023/codecwav-20101023.jar",
          "url": "https://libraries.minecraft.net/com/paulscode/codecwav/20101023/codecwav-20101023.jar",
          "sha1": "12f031cfe88fef5c1dd36c563c0a3a69bd7261da",
          "size": 5618
        }
      }
    },
    {
      "name": "com.paulscode:libraryjavasound:20101123",
      "downloads": {
        "artifact": {
          "path": "com/paulscode/libraryjavasound/20101123/libraryjavasound-20101123.jar",
          "url": "https://libraries.minecraft.net/com/paulscode/libraryjavasound/20101123/libraryjavasound-20101123.jar",
          "sha1": "5c5e304366f75f9eaa2e8cca546a1fb6109348b3",
          "size": 21679
        }
      }
    },
    {
      "name": "com.paulscode:librarylwjglopenal:20100824",
      "downloads": {
        "artifact": {
          "path": "com/paulscode/librarylwjglopenal/20100824/librarylwjglopenal-20100824.jar",
          "url": "https://libraries.minecraft.net/com/paulscode/librarylwjglopenal/20100824/librarylwjglopenal-20100824.jar",
          "sha1": "73e80d0794c39665aec3f62eee88ca91676674ef",
          "size": 18981
        }
      }
    },
    {
      "name": "com.paulscode:soundsystem:20120107",
      "downloads": {
        "artifact": {
          "path": "com/paulscode/soundsystem/20120107/soundsystem-20120107.jar",
          "url": "https://libraries.minecraft.net/com/paulscode/soundsystem/20120107/soundsystem-20120107.jar",
          "sha1": "419c05fe9be71f792b2d76cfc9b67f1ed0fec7f6",
          "size": 65020
        }
      }
    },
    {
      "name": "io.netty:netty-all:4.1.9.Final",
      "downloads": {
        "artifact": {
          "path": "io/netty/netty-all/4.1.9.Final/netty-all-4.1.9.Final.jar",
          "url": "https://libraries.minecraft.net/io/netty/netty-all/4.1.9.Final/netty-all-4.1.9.Final.jar",
          "sha1": "0097860965d6a0a6b98e7f569f3f966727b8db75",
          "size": 3511093
        }
      }
    },
    {
      "name": "com.google.guava:guava:21.0",
      "downloads": {
        "artifact": {
          "path": "com/google/guava/guava/21.0/guava-21.0.jar",
          "url": "https://libraries.minecraft.net/com/google/guava/guava/21.0/guava-21.0.jar",
          "sha1": "3a3d111be1be1b745edfa7d91678a12d7ed38709",
          "size": 2521113
        }
      }
    },
    {
      "name": "org.apache.commons:commons-lang3:3.5",
      "downloads": {
        "artifact": {
          "path": "org/apache/commons/commons-lang3/3.5/commons-lang3-3.5.jar",
          "url": "https://libraries.minecraft.net/org/apache/commons/commons-lang3/3.5/commons-lang3-3.5.jar",
          "sha1": "6c6c702c89bfff3cd9e80b04d668c5e190d588c6",
          "size": 479881
        }
      }
    },
    {
      "name": "commons-io:commons-io:2.5",
      "downloads": {
        "artifact": {
          "path": "commons-io/commons-io/2.5/commons-io-2.5.jar",
          "url": "https://libraries.minecraft.net/commons-io/commons-io/2.5/commons-io-2.5.jar",
          "sha1": "2852e6e05fbb95076fc091f6d1780f1f8fe35e0f",
          "size": 208700
        }
      }
    },
    {
      "name": "commons-codec:commons-codec:1.10",
      "downloads": {
        "artifact": {
          "path": "commons-codec/commons-codec/1.10/commons-codec-1.10.jar",
          "url": "https://libraries.minecraft.net/commons-codec/commons-codec/1.10/commons-codec-1.10.jar",
          "sha1": "4b95f4897fa13f2cd904aee711aeafc0c5295cd8",
          "size": 284184
        }
      }
    },
    {
      "name": "net.java.jinput:jinput:2.0.5",
      "downloads": {
        "artifact": {
          "path": "net/java/jinput/jinput/2.0.5/jinput-2.0.5.jar",
          "url": "https://libraries.minecraft.net/net/java/jinput/jinput/2.0.5/jinput-2.0.5.jar",
          "sha1": "39c7796b469a600f72380316f6b1f11db6c2c7c4",
          "size": 208338
        }
      }
    },
    {
      "name": "net.java.jutils:jutils:1.0.0",
      "downloads": {
        "artifact": {
          "path": "net/java/jutils/jutils/1.0.0/jutils-1.0.0.jar",
          "url": "https://libraries.minecraft.net/net/java/jutils/jutils/1.0.0/jutils-1.0.0.jar",
          "sha1": "e12fe1fda814bd348c1579329c86943d2cd3c6a6",
          "size": 7508
        }
      }
    },
    {
      "name": "com.google.code.gson:gson:2.8.0",
      "downloads": {
        "artifact": {
          "path": "com/google/code/gson/gson/2.8.0/gson-2.8.0.jar",
          "url": "https://libraries.minecraft.net/com/google/code/gson/gson/2.8.0/gson-2.8.0.jar",
          "sha1": "c4ba5371a29ac9b2ad6129b1d39ea38750043eff",
          "size": 231952
        }
      }
    },
    {
      "name": "com.mojang:authlib:1.5.25",
      "downloads": {
        "artifact": {
          "path": "com/mojang/authlib/1.5.25/authlib-1.5.25.jar",
          "url": "https://libraries.minecraft.net/com/mojang/authlib/1.5.25/authlib-1.5.25.jar",
          "sha1": "9834cdf236c22e84b946bba989e2f94ef5897c3c",
          "size": 65621
        }
      }
    },
    {
      "name": "com.mojang:realms:1.10.22",
      "downloads": {
        "artifact": {
          "path": "com/mojang/realms/1.10.22/realms-1.10.22.jar",
          "url": "https://libraries.minecraft.net/com/mojang/realms/1.10.22/realms-1.10.22.jar",
          "sha1": "bd0dccebdf3744c75f1ca20063f16e8f7d5e663f",
          "size": 7135057
        }
      }
    },
    {
      "name": "org.apache.commons:commons-compress:1.8.1",
      "downloads": {
        "artifact": {
          "path": "org/apache/commons/commons-compress/1.8.1/commons-compress-1.8.1.jar",
          "url": "https://libraries.minecraft.net/org/apache/commons/commons-compress/1.8.1/commons-compress-1.8.1.jar",
          "sha1": "a698750c16740fd5b3871425f4cb3bbaa87f529d",
          "size": 365552
        }
      }
    },
    {
      "name": "org.apache.httpcomponents:httpclient:4.3.3",
      "downloads": {
        "artifact": {
          "path": "org/apache/httpcomponents/httpclient/4.3.3/httpclient-4.3.3.jar",
          "url": "https://libraries.minecraft.net/org/apache/httpcomponents/httpclient/4.3.3/httpclient-4.3.3.jar",
          "sha1": "18f4247ff4572a074444572cee34647c43e7c9c7",
          "size": 589512
        }
      }
    },
    {
      "name": "commons-logging:commons-logging:1.1.3",
      "downloads": {
        "artifact": {
          "path": "commons-logging/commons-logging/1.1.3/commons-logging-1.1.3.jar",
          "url": "https://libraries.minecraft.net/commons-logging/commons-logging/1.1.3/commons-logging-1.1.3.jar",
          "sha1": "f6f66e966c70a83ffbdb6f17a0919eaf7c8aca7f",
          "size": 62050
        }
      }
    },
    {
      "name": "org.apache.httpcomponents:httpcore:4.3.2",
      "downloads": {
        "artifact": {
          "path": "org/apache/httpcomponents/httpcore/4.3.2/httpcore-4.3.2.jar",
          "url": "https://libraries.minecraft.net/org/apache/httpcomponents/httpcore/4.3.2/httpcore-4.3.2.jar",
          "sha1": "31fbbff1ddbf98f3aa7377c94d33b0447c646b6e",
          "size": 282269
        }
      }
    },
    {
      "name": "it.unimi.dsi:fastutil:7.1.0",
      "downloads": {
        "artifact": {
          "path": "it/unimi/dsi/fastutil/7.1.0/fastutil-7.1.0.jar",
          "url": "https://libraries.minecraft.net/it/unimi/dsi/fastutil/7.1.0/fastutil-7.1.0.jar",
          "sha1": "9835253257524c1be7ab50c057aa2d418fb72082",
          "size": 17655579
        }
      }
    },
    {
      "name": "org.lwjgl.lwjgl:lwjgl:2.9.4-nightly-20150209",
      "downloads": {
        "artifact": {
          "path": "org/lwjgl/lwjgl/lwjgl/2.9.4-nightly-20150209/lwjgl-2.9.4-nightly-20150209.jar",
          "url": "https://libraries.minecraft.net/org/lwjgl/lwjgl/lwjgl/2.9.4-nightly-20150209/lwjgl-2.9.4-nightly-20150209.jar",
          "sha1": "697517568c68e78ae0b4544145af031c81082dfe",
          "size": 1047168
        }
      },
      "rules": [
        {
          "action": "allow"
        },
        {
          "action": "disallow",
          "os": {
            "name": "osx"
          }
        }
      ]
    },
    {
      "name": "org.lwjgl.lwjgl:lwjgl_util:2.9.4-nightly-20150209",
      "downloads": {
        "artifact": {
          "path": "org/lwjgl/lwjgl/lwjgl_util/2.9.4-nightly-20150209/lwjgl_util-2.9.4-nightly-20150209.jar",
          "url": "https://libraries.minecraft.net/org/lwjgl/lwjgl/lwjgl_util/2.9.4-nightly-20150209/lwjgl_util-2.9.4-nightly-20150209.jar",
          "sha1": "d51a7c040a721d13efdfbd34f8b257b2df882ad0",
          "size": 173887
        }
      },
      "rules": [
        {
          "action": "allow"
        },
        {
          "action": "disallow",
          "os": {
            "name": "osx"
          }
        }
      ]
    },
    {
      "name": "org.lwjgl.lwjgl:lwjgl-platform:2.9.4-nightly-20150209",
      "downloads": {
        "artifact": {
          "path": "org/lwjgl/lwjgl/lwjgl-platform/2.9.4-nightly-20150209/lwjgl-platform-2.9.4-nightly-20150209.jar",
          "url": "https://libraries.minecraft.net/org/lwjgl/lwjgl/lwjgl-platform/2.9.4-nightly-20150209/lwjgl-platform-2.9.4-nightly-20150209.jar",
          "sha1": "b04f3ee8f5e43fa3b162981b50bb72fe1acabb33",
          "size": 22
        },
        "classifiers": {
          "natives-linux": {
            "path": "org/lwjgl/lwjgl/lwjgl-platform/2.9.4-nightly-20150209/lwjgl-platform-2.9.4-nightly-20150209-natives-linux.jar",
            "url": "https://libraries.minecraft.net/org/lwjgl/lwjgl/lwjgl-platform/2.9.4-nightly-20150209/lwjgl-platform-2.9.4-nightly-20150209-natives-linux.jar",
            "sha1": "931074f46c795d2f7b30ed6395df5715cfd7675b",
            "size": 578680
          },
          "natives-osx": {
            "path": "org/lwjgl/lwjgl/lwjgl-platform/2.9.4-nightly-20150209/lwjgl-platform-2.9.4-nightly-20150209-natives-osx.jar",
            "url": "https://libraries.minecraft.net/org/lwjgl/lwjgl/lwjgl-platform/2.9.4-nightly-20150209/lwjgl-platform-2.9.4-nightly-20150209-natives-osx.jar",
            "sha1": "bcab850f8f487c3f4c4dbabde778bb82bd1a40ed",
            "size": 426822
          },
          "natives-windows": {
            "path": "org/lwjgl/lwjgl/lwjgl-platform/2.9.4-nightly-20150209/lwjgl-platform-2.9.4-nightly-20150209-natives-windows.jar",
            "url": "https://libraries.minecraft.net/org/lwjgl/lwjgl/lwjgl-platform/2.9.4-nightly-20150209/lwjgl-platform-2.9.4-nightly-20150209-natives-windows.jar",
            "sha1": "b84d5102b9dbfabfeb5e43c7e2828d98a7fc80e0",
            "size": 613748
          }
        }
      },
      "extract": {
        "exclude": [
          "META-INF/"
        ]
      },
      "natives": {
        "linux": "natives-linux",
        "osx": "natives-osx",
        "windows": "natives-windows"
      },
      "rules": [
        {
          "action": "allow"
        },
        {
          "action": "disallow",
          "os": {
            "name": "osx"
          }
        }
      ]
    },
    {
      "name": "org.lwjgl.lwjgl:lwjgl:2.9.2-nightly-20140822",
      "downloads": {
        "artifact": {
          "path": "org/lwjgl/lwjgl/lwjgl/2.9.2-nightly-20140822/lwjgl-2.9.2-nightly-20140822.jar",
          "url": "https://libraries.minecraft.net/org/lwjgl/lwjgl/lwjgl/2.9.2-nightly-20140822/lwjgl-2.9.2-nightly-20140822.jar",
          "sha1": "7707204c9ffa5d91662de95f0a224e2f721b22af",
          "size": 1045632
        }
      },
      "rules": [
        {
          "action": "allow",
          "os": {
            "name": "osx"
          }
        }
      ]
    },
    {
      "name": "org.lwjgl.lwjgl:lwjgl_util:2.9.2-nightly-20140822",
      "downloads": {
        "artifact": {
          "path": "org/lwjgl/lwjgl/lwjgl_util/2.9.2-nightly-20140822/lwjgl_util-2.9.2-nightly-20140822.jar",
          "url": "https://libraries.minecraft.net/org/lwjgl/lwjgl/lwjgl_util/2.9.2-nightly-20140822/lwjgl_util-2.9.2-nightly-20140822.jar",
          "sha1": "f0e612c840a7639c1f77f68d72a28dae2f0c8490",
          "size": 173887
        }
      },
      "rules": [
        {
          "action": "allow",
          "os": {
            "name": "osx"
          }
        }
      ]
    },
    {
      "name": "org.lwjgl.lwjgl:lwjgl-platform:2.9.2-nightly-20140822",
      "downloads": {
        "classifiers": {
          "natives-linux": {
            "path": "org/lwjgl/lwjgl/lwjgl-platform/2.9.2-nightly-20140822/lwjgl-platform-2.9.2-nightly-20140822-natives-linux.jar",
            "url": "https://libraries.minecraft.net/org/lwjgl/lwjgl/lwjgl-platform/2.9.2-nightly-20140822/lwjgl-platform-2.9.2-nightly-20140822-natives-linux.jar",
            "sha1": "d898a33b5d0a6ef3fed3a4ead506566dce6720a5",
            "size": 578539
          },
          "natives-osx": {
            "path": "org/lwjgl/lwjgl/lwjgl-platform/2.9.2-nightly-20140822/lwjgl-platform-2.9.2-nightly-20140822-natives-osx.jar",
            "url": "https://libraries.minecraft.net/org/lwjgl/lwjgl/lwjgl-platform/2.9.2-nightly-20140822/lwjgl-platform-2.9.2-nightly-20140822-natives-osx.jar",
            "sha1": "79f5ce2fea02e77fe47a3c745219167a542121d7",
            "size": 468116
          },
          "natives-windows": {
            "path": "org/lwjgl/lwjgl/lwjgl-platform/2.9.2-nightly-20140822/lwjgl-platform-2.9.2-nightly-20140822-natives-windows.jar",
            "url": "https://libraries.minecraft.net/org/lwjgl/lwjgl/lwjgl-platform/2.9.2-nightly-20140822/lwjgl-platform-2.9.2-nightly-20140822-natives-windows.jar",
            "sha1": "78b2a55ce4dc29c6b3ec4df8ca165eba05f9b341",
            "size": 613680
          }
        }
      },
      "extract": {
        "exclude": [
          "META-INF/"
        ]
      },
      "natives": {
        "linux": "natives-linux",
        "osx": "natives-osx",
        "windows": "natives-windows"
      },
      "rules": [
        {
          "action": "allow",
          "os": {
            "name": "osx"
          }
        }
      ]
    },
    {
      "name": "net.java.jinput:jinput-platform:2.0.5",
      "downloads": {
        "classifiers": {
          "natives-linux": {
            "path": "net/java/jinput/jinput-platform/2.0.5/jinput-platform-2.0.5-natives-linux.jar",
            "url": "https://libraries.minecraft.net/net/java/jinput/jinput-platform/2.0.5/jinput-platform-2.0.5-natives-linux.jar",
            "sha1": "7ff832a6eb9ab6a767f1ade2b548092d0fa64795",
            "size": 10362
          },
          "natives-osx": {
            "path": "net/java/jinput/jinput-platform/2.0.5/jinput-platform-2.0.5-natives-osx.jar",
            "url": "https://libraries.minecraft.net/net/java/jinput/jinput-platform/2.0.5/jinput-platform-2.0.5-natives-osx.jar",
            "sha1": "53f9c919f34d2ca9de8c51fc4e1e8282029a9232",
            "size": 12186
          },
          "natives-windows": {
            "path": "net/java/jinput/jinput-platform/2.0.5/jinput-platform-2.0.5-natives-windows.jar",
            "url": "https://libraries.minecraft.net/net/java/jinput/jinput-platform/2.0.5/jinput-platform-2.0.5-natives-windows.jar",
            "sha1": "385ee093e01f587f30ee1c8a2ee7d408fd732e16",
            "size": 155179
          }
        }
      },
      "extract": {
        "exclude": [
          "META-INF/"
        ]
      },
      "natives": {
        "linux": "natives-linux",
        "osx": "natives-osx",
        "windows": "natives-windows"
      }
    },
    {
      "name": "com.mojang:text2speech:1.10.3",
      "downloads": {
        "artifact": {
          "path": "com/mojang/text2speech/1.10.3/text2speech-1.10.3.jar",
          "url": "https://libraries.minecraft.net/com/mojang/text2speech/1.10.3/text2speech-1.10.3.jar",
          "sha1": "48fd510879dff266c3815947de66e3d4809f8668",
          "size": 11055
        }
      }
    },
    {
      "name": "com.mojang:text2speech:1.10.3",
      "downloads": {
        "artifact": {
          "path": "com/mojang/text2speech/1.10.3/text2speech-1.10.3.jar",
          "url": "https://libraries.minecraft.net/com/mojang/text2speech/1.10.3/text2speech-1.10.3.jar",
          "sha1": "48fd510879dff266c3815947de66e3d4809f8668",
          "size": 11055
        },
        "classifiers": {
          "natives-linux": {
            "path": "com/mojang/text2speech/1.10.3/text2speech-1.10.3-natives-linux.jar",
            "url": "https://libraries.minecraft.net/com/mojang/text2speech/1.10.3/text2speech-1.10.3-natives-linux.jar",
            "sha1": "ab7896aec3b3dd272b06194357f2d98f832c0cfc",
            "size": 7833
          },
          "natives-windows": {
            "path": "com/mojang/text2speech/1.10.3/text2speech-1.10.3-natives-windows.jar",
            "url": "https://libraries.minecraft.net/com/mojang/text2speech/1.10.3/text2speech-1.10.3-natives-windows.jar",
            "sha1": "84a4b856389cc4f485275b1f63497a95a857a443",
            "size": 81217
          }
        }
      },
      "extract": {
        "exclude": [
          "META-INF/"
        ]
      },
      "natives": {
        "linux": "natives-linux",
        "windows": "natives-windows"
      }
    },
    {
      "name": "ca.weblite:java-objc-bridge:1.0.0",
      "downloads": {
        "artifact": {
          "path": "ca/weblite/java-objc-bridge/1.0.0/java-objc-bridge-1.0.0.jar",
          "url": "https://libraries.minecraft.net/ca/weblite/java-objc-bridge/1.0.0/java-objc-bridge-1.0.0.jar",
          "sha1": "6ef160c3133a78de015830860197602ca1c855d3",
          "size": 40502
        },
        "classifiers": {
          "natives-osx": {
            "path": "ca/weblite/java-objc-bridge/1.0.0/java-objc-bridge-1.0.0-natives-osx.jar",
            "url": "https://libraries.minecraft.net/ca/weblite/java-objc-bridge/1.0.0/java-objc-bridge-1.0.0-natives-osx.jar",
            "sha1": "08befab4894d55875f33c3d300f4f71e6e828f64",
            "size": 5629
          }
        }
      },
      "extract": {
        "exclude": [
          "META-INF/"
        ]
      },
      "natives": {
        "osx": "natives-osx"
      },
      "rules": [
        {
          "action": "allow",
          "os": {
            "name": "osx"
          }
        }
      ]
    },
    {
      "name": "ca.weblite:java-objc-bridge:1.0.0",
      "downloads": {
        "artifact": {
          "path": "ca/weblite/java-objc-bridge/1.0.0/java-objc-bridge-1.0.0.jar",
          "url": "https://libraries.minecraft.net/ca/weblite/java-objc-bridge/1.0.0/java-objc-bridge-1.0.0.jar",
          "sha1": "6ef160c3133a78de015830860197602ca1c855d3",
          "size": 40502
        }
      },
      "rules": [
        {
          "action": "allow",
          "os": {
            "name": "osx"
          }
        }
      ]
    },
    {
      "name": "optifine:OptiFine:1.12.2_HD_U_G5:installer"
    }
  ],
  "downloads": {
    "client": {
      "url": "https://piston-data.mojang.com/v1/objects/0f275bc1547d01fa5f56ba34bdc87d981ee12daf/client.jar",
      "sha1": "0f275bc1547d01fa5f56ba34bdc87d981ee12daf",
      "size": 10180113
    },
    "server": {
      "url": "https://piston-data.mojang.com/v1/objects/886945bfb2b978778c3a0288fd7fab09d315b25f/server.jar",
      "sha1": "886945bfb2b978778c3a0288fd7fab09d315b25f",
      "size": 30222121
    }
  },
  "logging": {},
  "type": "release",
  "time": "2021-12-13T12:40:03+08:00",
  "releaseTime": "2021-12-13T12:40:03+08:00",
  "minimumLauncherVersion": 18,
  "root": true,
  "patches": [
    {
      "id": "game",
      "version": "1.12.2",
      "priority": 0,
      "minecraftArguments": "--username ${auth_player_name} --version ${version_name} --gameDir ${game_directory} --assetsDir ${assets_root} --assetIndex ${assets_index_name} --uuid ${auth_uuid} --accessToken ${auth_access_token} --userType ${user_type} --versionType ${version_type}",
      "mainClass": "net.minecraft.client.main.Main",
      "assetIndex": {
        "totalSize": 129843781,
        "id": "1.12",
        "url": "https://piston-meta.mojang.com/v1/packages/a21e1ded1a24ea1548dd8db0cf30b6acb02655a9/1.12.json",
        "sha1": "a21e1ded1a24ea1548dd8db0cf30b6acb02655a9",
        "size": 143136
      },
      "assets": "1.12",
      "complianceLevel": 0,
      "javaVersion": {
        "component": "jre-legacy",
        "majorVersion": 8
      },
      "libraries": [
        {
          "name": "com.mojang:patchy:1.3.9",
          "downloads": {
            "artifact": {
              "path": "com/mojang/patchy/1.3.9/patchy-1.3.9.jar",
              "url": "https://libraries.minecraft.net/com/mojang/patchy/1.3.9/patchy-1.3.9.jar",
              "sha1": "eb8bb7b66fa0e2152b1b40b3856e82f7619439ee",
              "size": 23581
            }
          }
        },
        {
          "name": "oshi-project:oshi-core:1.1",
          "downloads": {
            "artifact": {
              "path": "oshi-project/oshi-core/1.1/oshi-core-1.1.jar",
              "url": "https://libraries.minecraft.net/oshi-project/oshi-core/1.1/oshi-core-1.1.jar",
              "sha1": "9ddf7b048a8d701be231c0f4f95fd986198fd2d8",
              "size": 30973
            }
          }
        },
        {
          "name": "net.java.dev.jna:jna:4.4.0",
          "downloads": {
            "artifact": {
              "path": "net/java/dev/jna/jna/4.4.0/jna-4.4.0.jar",
              "url": "https://libraries.minecraft.net/net/java/dev/jna/jna/4.4.0/jna-4.4.0.jar",
              "sha1": "cb208278274bf12ebdb56c61bd7407e6f774d65a",
              "size": 1091208
            }
          }
        },
        {
          "name": "net.java.dev.jna:platform:3.4.0",
          "downloads": {
            "artifact": {
              "path": "net/java/dev/jna/platform/3.4.0/platform-3.4.0.jar",
              "url": "https://libraries.minecraft.net/net/java/dev/jna/platform/3.4.0/platform-3.4.0.jar",
              "sha1": "e3f70017be8100d3d6923f50b3d2ee17714e9c13",
              "size": 913436
            }
          }
        },
        {
          "name": "com.ibm.icu:icu4j-core-mojang:51.2",
          "downloads": {
            "artifact": {
              "path": "com/ibm/icu/icu4j-core-mojang/51.2/icu4j-core-mojang-51.2.jar",
              "url": "https://libraries.minecraft.net/com/ibm/icu/icu4j-core-mojang/51.2/icu4j-core-mojang-51.2.jar",
              "sha1": "63d216a9311cca6be337c1e458e587f99d382b84",
              "size": 1634692
            }
          }
        },
        {
          "name": "net.sf.jopt-simple:jopt-simple:5.0.3",
          "downloads": {
            "artifact": {
              "path": "net/sf/jopt-simple/jopt-simple/5.0.3/jopt-simple-5.0.3.jar",
              "url": "https://libraries.minecraft.net/net/sf/jopt-simple/jopt-simple/5.0.3/jopt-simple-5.0.3.jar",
              "sha1": "cdd846cfc4e0f7eefafc02c0f5dce32b9303aa2a",
              "size": 78175
            }
          }
        },
        {
          "name": "com.paulscode:codecjorbis:20101023",
          "downloads": {
            "artifact": {
              "path": "com/paulscode/codecjorbis/20101023/codecjorbis-20101023.jar",
              "url": "https://libraries.minecraft.net/com/paulscode/codecjorbis/20101023/codecjorbis-20101023.jar",
              "sha1": "c73b5636faf089d9f00e8732a829577de25237ee",
              "size": 103871
            }
          }
        },
        {
          "name": "com.paulscode:codecwav:20101023",
          "downloads": {
            "artifact": {
              "path": "com/paulscode/codecwav/20101023/codecwav-20101023.jar",
              "url": "https://libraries.minecraft.net/com/paulscode/codecwav/20101023/codecwav-20101023.jar",
              "sha1": "12f031cfe88fef5c1dd36c563c0a3a69bd7261da",
              "size": 5618
            }
          }
        },
        {
          "name": "com.paulscode:libraryjavasound:20101123",
          "downloads": {
            "artifact": {
              "path": "com/paulscode/libraryjavasound/20101123/libraryjavasound-20101123.jar",
              "url": "https://libraries.minecraft.net/com/paulscode/libraryjavasound/20101123/libraryjavasound-20101123.jar",
              "sha1": "5c5e304366f75f9eaa2e8cca546a1fb6109348b3",
              "size": 21679
            }
          }
        },
        {
          "name": "com.paulscode:librarylwjglopenal:20100824",
          "downloads": {
            "artifact": {
              "path": "com/paulscode/librarylwjglopenal/20100824/librarylwjglopenal-20100824.jar",
              "url": "https://libraries.minecraft.net/com/paulscode/librarylwjglopenal/20100824/librarylwjglopenal-20100824.jar",
              "sha1": "73e80d0794c39665aec3f62eee88ca91676674ef",
              "size": 18981
            }
          }
        },
        {
          "name": "com.paulscode:soundsystem:20120107",
          "downloads": {
            "artifact": {
              "path": "com/paulscode/soundsystem/20120107/soundsystem-20120107.jar",
              "url": "https://libraries.minecraft.net/com/paulscode/soundsystem/20120107/soundsystem-20120107.jar",
              "sha1": "419c05fe9be71f792b2d76cfc9b67f1ed0fec7f6",
              "size": 65020
            }
          }
        },
        {
          "name": "io.netty:netty-all:4.1.9.Final",
          "downloads": {
            "artifact": {
              "path": "io/netty/netty-all/4.1.9.Final/netty-all-4.1.9.Final.jar",
              "url": "https://libraries.minecraft.net/io/netty/netty-all/4.1.9.Final/netty-all-4.1.9.Final.jar",
              "sha1": "0097860965d6a0a6b98e7f569f3f966727b8db75",
              "size": 3511093
            }
          }
        },
        {
          "name": "com.google.guava:guava:21.0",
          "downloads": {
            "artifact": {
              "path": "com/google/guava/guava/21.0/guava-21.0.jar",
              "url": "https://libraries.minecraft.net/com/google/guava/guava/21.0/guava-21.0.jar",
              "sha1": "3a3d111be1be1b745edfa7d91678a12d7ed38709",
              "size": 2521113
            }
          }
        },
        {
          "name": "org.apache.commons:commons-lang3:3.5",
          "downloads": {
            "artifact": {
              "path": "org/apache/commons/commons-lang3/3.5/commons-lang3-3.5.jar",
              "url": "https://libraries.minecraft.net/org/apache/commons/commons-lang3/3.5/commons-lang3-3.5.jar",
              "sha1": "6c6c702c89bfff3cd9e80b04d668c5e190d588c6",
              "size": 479881
            }
          }
        },
        {
          "name": "commons-io:commons-io:2.5",
          "downloads": {
            "artifact": {
              "path": "commons-io/commons-io/2.5/commons-io-2.5.jar",
              "url": "https://libraries.minecraft.net/commons-io/commons-io/2.5/commons-io-2.5.jar",
              "sha1": "2852e6e05fbb95076fc091f6d1780f1f8fe35e0f",
              "size": 208700
            }
          }
        },
        {
          "name": "commons-codec:commons-codec:1.10",
          "downloads": {
            "artifact": {
              "path": "commons-codec/commons-codec/1.10/commons-codec-1.10.jar",
              "url": "https://libraries.minecraft.net/commons-codec/commons-codec/1.10/commons-codec-1.10.jar",
              "sha1": "4b95f4897fa13f2cd904aee711aeafc0c5295cd8",
              "size": 284184
            }
          }
        },
        {
          "name": "net.java.jinput:jinput:2.0.5",
          "downloads": {
            "artifact": {
              "path": "net/java/jinput/jinput/2.0.5/jinput-2.0.5.jar",
              "url": "https://libraries.minecraft.net/net/java/jinput/jinput/2.0.5/jinput-2.0.5.jar",
              "sha1": "39c7796b469a600f72380316f6b1f11db6c2c7c4",
              "size": 208338
            }
          }
        },
        {
          "name": "net.java.jutils:jutils:1.0.0",
          "downloads": {
            "artifact": {
              "path": "net/java/jutils/jutils/1.0.0/jutils-1.0.0.jar",
              "url": "https://libraries.minecraft.net/net/java/jutils/jutils/1.0.0/jutils-1.0.0.jar",
              "sha1": "e12fe1fda814bd348c1579329c86943d2cd3c6a6",
              "size": 7508
            }
          }
        },
        {
          "name": "com.google.code.gson:gson:2.8.0",
          "downloads": {
            "artifact": {
              "path": "com/google/code/gson/gson/2.8.0/gson-2.8.0.jar",
              "url": "https://libraries.minecraft.net/com/google/code/gson/gson/2.8.0/gson-2.8.0.jar",
              "sha1": "c4ba5371a29ac9b2ad6129b1d39ea38750043eff",
              "size": 231952
            }
          }
        },
        {
          "name": "com.mojang:authlib:1.5.25",
          "downloads": {
            "artifact": {
              "path": "com/mojang/authlib/1.5.25/authlib-1.5.25.jar",
              "url": "https://libraries.minecraft.net/com/mojang/authlib/1.5.25/authlib-1.5.25.jar",
              "sha1": "9834cdf236c22e84b946bba989e2f94ef5897c3c",
              "size": 65621
            }
          }
        },
        {
          "name": "com.mojang:realms:1.10.22",
          "downloads": {
            "artifact": {
              "path": "com/mojang/realms/1.10.22/realms-1.10.22.jar",
              "url": "https://libraries.minecraft.net/com/mojang/realms/1.10.22/realms-1.10.22.jar",
              "sha1": "bd0dccebdf3744c75f1ca20063f16e8f7d5e663f",
              "size": 7135057
            }
          }
        },
        {
          "name": "org.apache.commons:commons-compress:1.8.1",
          "downloads": {
            "artifact": {
              "path": "org/apache/commons/commons-compress/1.8.1/commons-compress-1.8.1.jar",
              "url": "https://libraries.minecraft.net/org/apache/commons/commons-compress/1.8.1/commons-compress-1.8.1.jar",
              "sha1": "a698750c16740fd5b3871425f4cb3bbaa87f529d",
              "size": 365552
            }
          }
        },
        {
          "name": "org.apache.httpcomponents:httpclient:4.3.3",
          "downloads": {
            "artifact": {
              "path": "org/apache/httpcomponents/httpclient/4.3.3/httpclient-4.3.3.jar",
              "url": "https://libraries.minecraft.net/org/apache/httpcomponents/httpclient/4.3.3/httpclient-4.3.3.jar",
              "sha1": "18f4247ff4572a074444572cee34647c43e7c9c7",
              "size": 589512
            }
          }
        },
        {
          "name": "commons-logging:commons-logging:1.1.3",
          "downloads": {
            "artifact": {
              "path": "commons-logging/commons-logging/1.1.3/commons-logging-1.1.3.jar",
              "url": "https://libraries.minecraft.net/commons-logging/commons-logging/1.1.3/commons-logging-1.1.3.jar",
              "sha1": "f6f66e966c70a83ffbdb6f17a0919eaf7c8aca7f",
              "size": 62050
            }
          }
        },
        {
          "name": "org.apache.httpcomponents:httpcore:4.3.2",
          "downloads": {
            "artifact": {
              "path": "org/apache/httpcomponents/httpcore/4.3.2/httpcore-4.3.2.jar",
              "url": "https://libraries.minecraft.net/org/apache/httpcomponents/httpcore/4.3.2/httpcore-4.3.2.jar",
              "sha1": "31fbbff1ddbf98f3aa7377c94d33b0447c646b6e",
              "size": 282269
            }
          }
        },
        {
          "name": "it.unimi.dsi:fastutil:7.1.0",
          "downloads": {
            "artifact": {
              "path": "it/unimi/dsi/fastutil/7.1.0/fastutil-7.1.0.jar",
              "url": "https://libraries.minecraft.net/it/unimi/dsi/fastutil/7.1.0/fastutil-7.1.0.jar",
              "sha1": "9835253257524c1be7ab50c057aa2d418fb72082",
              "size": 17655579
            }
          }
        },
        {
          "name": "org.apache.logging.log4j:log4j-api:2.8.1",
          "downloads": {
            "artifact": {
              "path": "org/apache/logging/log4j/log4j-api/2.8.1/log4j-api-2.8.1.jar",
              "url": "https://libraries.minecraft.net/org/apache/logging/log4j/log4j-api/2.8.1/log4j-api-2.8.1.jar",
              "sha1": "e801d13612e22cad62a3f4f3fe7fdbe6334a8e72",
              "size": 228859
            }
          }
        },
        {
          "name": "org.apache.logging.log4j:log4j-core:2.8.1",
          "downloads": {
            "artifact": {
              "path": "org/apache/logging/log4j/log4j-core/2.8.1/log4j-core-2.8.1.jar",
              "url": "https://libraries.minecraft.net/org/apache/logging/log4j/log4j-core/2.8.1/log4j-core-2.8.1.jar",
              "sha1": "4ac28ff2f1ddf05dae3043a190451e8c46b73c31",
              "size": 1402925
            }
          }
        },
        {
          "name": "org.lwjgl.lwjgl:lwjgl:2.9.4-nightly-20150209",
          "downloads": {
            "artifact": {
              "path": "org/lwjgl/lwjgl/lwjgl/2.9.4-nightly-20150209/lwjgl-2.9.4-nightly-20150209.jar",
              "url": "https://libraries.minecraft.net/org/lwjgl/lwjgl/lwjgl/2.9.4-nightly-20150209/lwjgl-2.9.4-nightly-20150209.jar",
              "sha1": "697517568c68e78ae0b4544145af031c81082dfe",
              "size": 1047168
            }
          },
          "rules": [
            {
              "action": "allow"
            },
            {
              "action": "disallow",
              "os": {
                "name": "osx"
              }
            }
          ]
        },
        {
          "name": "org.lwjgl.lwjgl:lwjgl_util:2.9.4-nightly-20150209",
          "downloads": {
            "artifact": {
              "path": "org/lwjgl/lwjgl/lwjgl_util/2.9.4-nightly-20150209/lwjgl_util-2.9.4-nightly-20150209.jar",
              "url": "https://libraries.minecraft.net/org/lwjgl/lwjgl/lwjgl_util/2.9.4-nightly-20150209/lwjgl_util-2.9.4-nightly-20150209.jar",
              "sha1": "d51a7c040a721d13efdfbd34f8b257b2df882ad0",
              "size": 173887
            }
          },
          "rules": [
            {
              "action": "allow"
            },
            {
              "action": "disallow",
              "os": {
                "name": "osx"
              }
            }
          ]
        },
        {
          "name": "org.lwjgl.lwjgl:lwjgl-platform:2.9.4-nightly-20150209",
          "downloads": {
            "artifact": {
              "path": "org/lwjgl/lwjgl/lwjgl-platform/2.9.4-nightly-20150209/lwjgl-platform-2.9.4-nightly-20150209.jar",
              "url": "https://libraries.minecraft.net/org/lwjgl/lwjgl/lwjgl-platform/2.9.4-nightly-20150209/lwjgl-platform-2.9.4-nightly-20150209.jar",
              "sha1": "b04f3ee8f5e43fa3b162981b50bb72fe1acabb33",
              "size": 22
            },
            "classifiers": {
              "natives-linux": {
                "path": "org/lwjgl/lwjgl/lwjgl-platform/2.9.4-nightly-20150209/lwjgl-platform-2.9.4-nightly-20150209-natives-linux.jar",
                "url": "https://libraries.minecraft.net/org/lwjgl/lwjgl/lwjgl-platform/2.9.4-nightly-20150209/lwjgl-platform-2.9.4-nightly-20150209-natives-linux.jar",
                "sha1": "931074f46c795d2f7b30ed6395df5715cfd7675b",
                "size": 578680
              },
              "natives-osx": {
                "path": "org/lwjgl/lwjgl/lwjgl-platform/2.9.4-nightly-20150209/lwjgl-platform-2.9.4-nightly-20150209-natives-osx.jar",
                "url": "https://libraries.minecraft.net/org/lwjgl/lwjgl/lwjgl-platform/2.9.4-nightly-20150209/lwjgl-platform-2.9.4-nightly-20150209-natives-osx.jar",
                "sha1": "bcab850f8f487c3f4c4dbabde778bb82bd1a40ed",
                "size": 426822
              },
              "natives-windows": {
                "path": "org/lwjgl/lwjgl/lwjgl-platform/2.9.4-nightly-20150209/lwjgl-platform-2.9.4-nightly-20150209-natives-windows.jar",
                "url": "https://libraries.minecraft.net/org/lwjgl/lwjgl/lwjgl-platform/2.9.4-nightly-20150209/lwjgl-platform-2.9.4-nightly-20150209-natives-windows.jar",
                "sha1": "b84d5102b9dbfabfeb5e43c7e2828d98a7fc80e0",
                "size": 613748
              }
            }
          },
          "extract": {
            "exclude": [
              "META-INF/"
            ]
          },
          "natives": {
            "linux": "natives-linux",
            "osx": "natives-osx",
            "windows": "natives-windows"
          },
          "rules": [
            {
              "action": "allow"
            },
            {
              "action": "disallow",
              "os": {
                "name": "osx"
              }
            }
          ]
        },
        {
          "name": "org.lwjgl.lwjgl:lwjgl:2.9.2-nightly-20140822",
          "downloads": {
            "artifact": {
              "path": "org/lwjgl/lwjgl/lwjgl/2.9.2-nightly-20140822/lwjgl-2.9.2-nightly-20140822.jar",
              "url": "https://libraries.minecraft.net/org/lwjgl/lwjgl/lwjgl/2.9.2-nightly-20140822/lwjgl-2.9.2-nightly-20140822.jar",
              "sha1": "7707204c9ffa5d91662de95f0a224e2f721b22af",
              "size": 1045632
            }
          },
          "rules": [
            {
              "action": "allow",
              "os": {
                "name": "osx"
              }
            }
          ]
        },
        {
          "name": "org.lwjgl.lwjgl:lwjgl_util:2.9.2-nightly-20140822",
          "downloads": {
            "artifact": {
              "path": "org/lwjgl/lwjgl/lwjgl_util/2.9.2-nightly-20140822/lwjgl_util-2.9.2-nightly-20140822.jar",
              "url": "https://libraries.minecraft.net/org/lwjgl/lwjgl/lwjgl_util/2.9.2-nightly-20140822/lwjgl_util-2.9.2-nightly-20140822.jar",
              "sha1": "f0e612c840a7639c1f77f68d72a28dae2f0c8490",
              "size": 173887
            }
          },
          "rules": [
            {
              "action": "allow",
              "os": {
                "name": "osx"
              }
            }
          ]
        },
        {
          "name": "org.lwjgl.lwjgl:lwjgl-platform:2.9.2-nightly-20140822",
          "downloads": {
            "classifiers": {
              "natives-linux": {
                "path": "org/lwjgl/lwjgl/lwjgl-platform/2.9.2-nightly-20140822/lwjgl-platform-2.9.2-nightly-20140822-natives-linux.jar",
                "url": "https://libraries.minecraft.net/org/lwjgl/lwjgl/lwjgl-platform/2.9.2-nightly-20140822/lwjgl-platform-2.9.2-nightly-20140822-natives-linux.jar",
                "sha1": "d898a33b5d0a6ef3fed3a4ead506566dce6720a5",
                "size": 578539
              },
              "natives-osx": {
                "path": "org/lwjgl/lwjgl/lwjgl-platform/2.9.2-nightly-20140822/lwjgl-platform-2.9.2-nightly-20140822-natives-osx.jar",
                "url": "https://libraries.minecraft.net/org/lwjgl/lwjgl/lwjgl-platform/2.9.2-nightly-20140822/lwjgl-platform-2.9.2-nightly-20140822-natives-osx.jar",
                "sha1": "79f5ce2fea02e77fe47a3c745219167a542121d7",
                "size": 468116
              },
              "natives-windows": {
                "path": "org/lwjgl/lwjgl/lwjgl-platform/2.9.2-nightly-20140822/lwjgl-platform-2.9.2-nightly-20140822-natives-windows.jar",
                "url": "https://libraries.minecraft.net/org/lwjgl/lwjgl/lwjgl-platform/2.9.2-nightly-20140822/lwjgl-platform-2.9.2-nightly-20140822-natives-windows.jar",
                "sha1": "78b2a55ce4dc29c6b3ec4df8ca165eba05f9b341",
                "size": 613680
              }
            }
          },
          "extract": {
            "exclude": [
              "META-INF/"
            ]
          },
          "natives": {
            "linux": "natives-linux",
            "osx": "natives-osx",
            "windows": "natives-windows"
          },
          "rules": [
            {
              "action": "allow",
              "os": {
                "name": "osx"
              }
            }
          ]
        },
        {
          "name": "net.java.jinput:jinput-platform:2.0.5",
          "downloads": {
            "classifiers": {
              "natives-linux": {
                "path": "net/java/jinput/jinput-platform/2.0.5/jinput-platform-2.0.5-natives-linux.jar",
                "url": "https://libraries.minecraft.net/net/java/jinput/jinput-platform/2.0.5/jinput-platform-2.0.5-natives-linux.jar",
                "sha1": "7ff832a6eb9ab6a767f1ade2b548092d0fa64795",
                "size": 10362
              },
              "natives-osx": {
                "path": "net/java/jinput/jinput-platform/2.0.5/jinput-platform-2.0.5-natives-osx.jar",
                "url": "https://libraries.minecraft.net/net/java/jinput/jinput-platform/2.0.5/jinput-platform-2.0.5-natives-osx.jar",
                "sha1": "53f9c919f34d2ca9de8c51fc4e1e8282029a9232",
                "size": 12186
              },
              "natives-windows": {
                "path": "net/java/jinput/jinput-platform/2.0.5/jinput-platform-2.0.5-natives-windows.jar",
                "url": "https://libraries.minecraft.net/net/java/jinput/jinput-platform/2.0.5/jinput-platform-2.0.5-natives-windows.jar",
                "sha1": "385ee093e01f587f30ee1c8a2ee7d408fd732e16",
                "size": 155179
              }
            }
          },
          "extract": {
            "exclude": [
              "META-INF/"
            ]
          },
          "natives": {
            "linux": "natives-linux",
            "osx": "natives-osx",
            "windows": "natives-windows"
          }
        },
        {
          "name": "com.mojang:text2speech:1.10.3",
          "downloads": {
            "artifact": {
              "path": "com/mojang/text2speech/1.10.3/text2speech-1.10.3.jar",
              "url": "https://libraries.minecraft.net/com/mojang/text2speech/1.10.3/text2speech-1.10.3.jar",
              "sha1": "48fd510879dff266c3815947de66e3d4809f8668",
              "size": 11055
            }
          }
        },
        {
          "name": "com.mojang:text2speech:1.10.3",
          "downloads": {
            "artifact": {
              "path": "com/mojang/text2speech/1.10.3/text2speech-1.10.3.jar",
              "url": "https://libraries.minecraft.net/com/mojang/text2speech/1.10.3/text2speech-1.10.3.jar",
              "sha1": "48fd510879dff266c3815947de66e3d4809f8668",
              "size": 11055
            },
            "classifiers": {
              "natives-linux": {
                "path": "com/mojang/text2speech/1.10.3/text2speech-1.10.3-natives-linux.jar",
                "url": "https://libraries.minecraft.net/com/mojang/text2speech/1.10.3/text2speech-1.10.3-natives-linux.jar",
                "sha1": "ab7896aec3b3dd272b06194357f2d98f832c0cfc",
                "size": 7833
              },
              "natives-windows": {
                "path": "com/mojang/text2speech/1.10.3/text2speech-1.10.3-natives-windows.jar",
                "url": "https://libraries.minecraft.net/com/mojang/text2speech/1.10.3/text2speech-1.10.3-natives-windows.jar",
                "sha1": "84a4b856389cc4f485275b1f63497a95a857a443",
                "size": 81217
              }
            }
          },
          "extract": {
            "exclude": [
              "META-INF/"
            ]
          },
          "natives": {
            "linux": "natives-linux",
            "windows": "natives-windows"
          }
        },
        {
          "name": "ca.weblite:java-objc-bridge:1.0.0",
          "downloads": {
            "artifact": {
              "path": "ca/weblite/java-objc-bridge/1.0.0/java-objc-bridge-1.0.0.jar",
              "url": "https://libraries.minecraft.net/ca/weblite/java-objc-bridge/1.0.0/java-objc-bridge-1.0.0.jar",
              "sha1": "6ef160c3133a78de015830860197602ca1c855d3",
              "size": 40502
            },
            "classifiers": {
              "natives-osx": {
                "path": "ca/weblite/java-objc-bridge/1.0.0/java-objc-bridge-1.0.0-natives-osx.jar",
                "url": "https://libraries.minecraft.net/ca/weblite/java-objc-bridge/1.0.0/java-objc-bridge-1.0.0-natives-osx.jar",
                "sha1": "08befab4894d55875f33c3d300f4f71e6e828f64",
                "size": 5629
              }
            }
          },
          "extract": {
            "exclude": [
              "META-INF/"
            ]
          },
          "natives": {
            "osx": "natives-osx"
          },
          "rules": [
            {
              "action": "allow",
              "os": {
                "name": "osx"
              }
            }
          ]
        },
        {
          "name": "ca.weblite:java-objc-bridge:1.0.0",
          "downloads": {
            "artifact": {
              "path": "ca/weblite/java-objc-bridge/1.0.0/java-objc-bridge-1.0.0.jar",
              "url": "https://libraries.minecraft.net/ca/weblite/java-objc-bridge/1.0.0/java-objc-bridge-1.0.0.jar",
              "sha1": "6ef160c3133a78de015830860197602ca1c855d3",
              "size": 40502
            }
          },
          "rules": [
            {
              "action": "allow",
              "os": {
                "name": "osx"
              }
            }
          ]
        }
      ],
      "downloads": {
        "client": {
          "url": "https://piston-data.mojang.com/v1/objects/0f275bc1547d01fa5f56ba34bdc87d981ee12daf/client.jar",
          "sha1": "0f275bc1547d01fa5f56ba34bdc87d981ee12daf",
          "size": 10180113
        },
        "server": {
          "url": "https://piston-data.mojang.com/v1/objects/886945bfb2b978778c3a0288fd7fab09d315b25f/server.jar",
          "sha1": "886945bfb2b978778c3a0288fd7fab09d315b25f",
          "size": 30222121
        }
      },
      "logging": {
        "client": {
          "file": {
            "id": "client-1.12.xml",
            "url": "https://piston-data.mojang.com/v1/objects/bd65e7d2e3c237be76cfbef4c2405033d7f91521/client-1.12.xml",
            "sha1": "bd65e7d2e3c237be76cfbef4c2405033d7f91521",
            "size": 888
          },
          "argument": "-Dlog4j.configurationFile\u003d${path}",
          "type": "log4j2-xml"
        }
      },
      "type": "release",
      "time": "2017-09-18T16:39:46+08:00",
      "releaseTime": "2017-09-18T16:39:46+08:00",
      "minimumLauncherVersion": 18
    },
    {
      "id": "forge",
      "version": "14.23.5.2860",
      "priority": 30000,
      "minecraftArguments": "--username ${auth_player_name} --version ${version_name} --gameDir ${game_directory} --assetsDir ${assets_root} --assetIndex ${assets_index_name} --uuid ${auth_uuid} --accessToken ${auth_access_token} --userType ${user_type} --tweakClass net.minecraftforge.fml.common.launcher.FMLTweaker --versionType Forge",
      "mainClass": "net.minecraft.launchwrapper.Launch",
      "inheritsFrom": "1.12.2",
      "libraries": [
        {
          "name": "net.minecraftforge:forge:1.12.2-14.23.5.2860",
          "downloads": {}
        },
        {
          "name": "org.ow2.asm:asm-debug-all:5.2",
          "downloads": {
            "artifact": {
              "path": "org/ow2/asm/asm-debug-all/5.2/asm-debug-all-5.2.jar",
              "url": "https://maven.minecraftforge.net/org/ow2/asm/asm-debug-all/5.2/asm-debug-all-5.2.jar",
              "sha1": "3354e11e2b34215f06dab629ab88e06aca477c19",
              "size": 387903
            }
          }
        },
        {
          "name": "net.minecraft:launchwrapper:1.12",
          "downloads": {
            "artifact": {
              "path": "net/minecraft/launchwrapper/1.12/launchwrapper-1.12.jar",
              "url": "https://libraries.minecraft.net/net/minecraft/launchwrapper/1.12/launchwrapper-1.12.jar",
              "sha1": "111e7bea9c968cdb3d06ef4632bf7ff0824d0f36",
              "size": 32999
            }
          }
        },
        {
          "name": "org.jline:jline:3.5.1",
          "downloads": {
            "artifact": {
              "path": "org/jline/jline/3.5.1/jline-3.5.1.jar",
              "url": "https://maven.minecraftforge.net/org/jline/jline/3.5.1/jline-3.5.1.jar",
              "sha1": "51800e9d7a13608894a5a28eed0f5c7fa2f300fb",
              "size": 614590
            }
          }
        },
        {
          "name": "com.typesafe.akka:akka-actor_2.11:2.3.3",
          "downloads": {
            "artifact": {
              "path": "com/typesafe/akka/akka-actor_2.11/2.3.3/akka-actor_2.11-2.3.3.jar",
              "url": "https://maven.minecraftforge.net/com/typesafe/akka/akka-actor_2.11/2.3.3/akka-actor_2.11-2.3.3.jar",
              "sha1": "ed62e9fc709ca0f2ff1a3220daa8b70a2870078e",
              "size": 2514991
            }
          }
        },
        {
          "name": "com.typesafe:config:1.2.1",
          "downloads": {
            "artifact": {
              "path": "com/typesafe/config/1.2.1/config-1.2.1.jar",
              "url": "https://maven.minecraftforge.net/com/typesafe/config/1.2.1/config-1.2.1.jar",
              "sha1": "f771f71fdae3df231bcd54d5ca2d57f0bf93f467",
              "size": 219554
            }
          }
        },
        {
          "name": "org.scala-lang:scala-actors-migration_2.11:1.1.0",
          "downloads": {
            "artifact": {
              "path": "org/scala-lang/scala-actors-migration_2.11/1.1.0/scala-actors-migration_2.11-1.1.0.jar",
              "url": "https://maven.minecraftforge.net/org/scala-lang/scala-actors-migration_2.11/1.1.0/scala-actors-migration_2.11-1.1.0.jar",
              "sha1": "dfa8bc42b181d5b9f1a5dd147f8ae308b893eb6f",
              "size": 58018
            }
          }
        },
        {
          "name": "org.scala-lang:scala-compiler:2.11.1",
          "downloads": {
            "artifact": {
              "path": "org/scala-lang/scala-compiler/2.11.1/scala-compiler-2.11.1.jar",
              "url": "https://maven.minecraftforge.net/org/scala-lang/scala-compiler/2.11.1/scala-compiler-2.11.1.jar",
              "sha1": "56ea2e6c025e0821f28d73ca271218b8dd04926a",
              "size": 13449765
            }
          }
        },
        {
          "name": "org.scala-lang.plugins:scala-continuations-library_2.11:1.0.2_mc",
          "downloads": {
            "artifact": {
              "path": "org/scala-lang/plugins/scala-continuations-library_2.11/1.0.2_mc/scala-continuations-library_2.11-1.0.2_mc.jar",
              "url": "https://maven.minecraftforge.net/org/scala-lang/plugins/scala-continuations-library_2.11/1.0.2_mc/scala-continuations-library_2.11-1.0.2_mc.jar",
              "sha1": "0e517c53a7e9acd6b1668c5a35eccbaa3bab9aac",
              "size": 25365
            }
          }
        },
        {
          "name": "org.scala-lang.plugins:scala-continuations-plugin_2.11.1:1.0.2_mc",
          "downloads": {
            "artifact": {
              "path": "org/scala-lang/plugins/scala-continuations-plugin_2.11.1/1.0.2_mc/scala-continuations-plugin_2.11.1-1.0.2_mc.jar",
              "url": "https://maven.minecraftforge.net/org/scala-lang/plugins/scala-continuations-plugin_2.11.1/1.0.2_mc/scala-continuations-plugin_2.11.1-1.0.2_mc.jar",
              "sha1": "f361a3283452c57fa30c1ee69448995de23c60f7",
              "size": 206575
            }
          }
        },
        {
          "name": "org.scala-lang:scala-library:2.11.1",
          "downloads": {
            "artifact": {
              "path": "org/scala-lang/scala-library/2.11.1/scala-library-2.11.1.jar",
              "url": "https://maven.minecraftforge.net/org/scala-lang/scala-library/2.11.1/scala-library-2.11.1.jar",
              "sha1": "0e11da23da3eabab9f4777b9220e60d44c1aab6a",
              "size": 5538130
            }
          }
        },
        {
          "name": "org.scala-lang:scala-parser-combinators_2.11:1.0.1",
          "downloads": {
            "artifact": {
              "path": "org/scala-lang/scala-parser-combinators_2.11/1.0.1/scala-parser-combinators_2.11-1.0.1.jar",
              "url": "https://maven.minecraftforge.net/org/scala-lang/scala-parser-combinators_2.11/1.0.1/scala-parser-combinators_2.11-1.0.1.jar",
              "sha1": "f05d7345bf5a58924f2837c6c1f4d73a938e1ff0",
              "size": 419701
            }
          }
        },
        {
          "name": "org.scala-lang:scala-reflect:2.11.1",
          "downloads": {
            "artifact": {
              "path": "org/scala-lang/scala-reflect/2.11.1/scala-reflect-2.11.1.jar",
              "url": "https://maven.minecraftforge.net/org/scala-lang/scala-reflect/2.11.1/scala-reflect-2.11.1.jar",
              "sha1": "6580347e61cc7f8e802941e7fde40fa83b8badeb",
              "size": 4372892
            }
          }
        },
        {
          "name": "org.scala-lang:scala-swing_2.11:1.0.1",
          "downloads": {
            "artifact": {
              "path": "org/scala-lang/scala-swing_2.11/1.0.1/scala-swing_2.11-1.0.1.jar",
              "url": "https://maven.minecraftforge.net/org/scala-lang/scala-swing_2.11/1.0.1/scala-swing_2.11-1.0.1.jar",
              "sha1": "b1cdd92bd47b1e1837139c1c53020e86bb9112ae",
              "size": 726500
            }
          }
        },
        {
          "name": "org.scala-lang:scala-xml_2.11:1.0.2",
          "downloads": {
            "artifact": {
              "path": "org/scala-lang/scala-xml_2.11/1.0.2/scala-xml_2.11-1.0.2.jar",
              "url": "https://maven.minecraftforge.net/org/scala-lang/scala-xml_2.11/1.0.2/scala-xml_2.11-1.0.2.jar",
              "sha1": "7a80ec00aec122fba7cd4e0d4cdd87ff7e4cb6d0",
              "size": 648679
            }
          }
        },
        {
          "name": "lzma:lzma:0.0.1",
          "downloads": {
            "artifact": {
              "path": "lzma/lzma/0.0.1/lzma-0.0.1.jar",
              "url": "https://libraries.minecraft.net/lzma/lzma/0.0.1/lzma-0.0.1.jar",
              "sha1": "521616dc7487b42bef0e803bd2fa3faf668101d7",
              "size": 5762
            }
          }
        },
        {
          "name": "java3d:vecmath:1.5.2",
          "downloads": {
            "artifact": {
              "path": "java3d/vecmath/1.5.2/vecmath-1.5.2.jar",
              "url": "https://libraries.minecraft.net/java3d/vecmath/1.5.2/vecmath-1.5.2.jar",
              "sha1": "79846ba34cbd89e2422d74d53752f993dcc2ccaf",
              "size": 318956
            }
          }
        },
        {
          "name": "net.sf.trove4j:trove4j:3.0.3",
          "downloads": {
            "artifact": {
              "path": "net/sf/trove4j/trove4j/3.0.3/trove4j-3.0.3.jar",
              "url": "https://libraries.minecraft.net/net/sf/trove4j/trove4j/3.0.3/trove4j-3.0.3.jar",
              "sha1": "42ccaf4761f0dfdfa805c9e340d99a755907e2dd",
              "size": 2523218
            }
          }
        },
        {
          "name": "org.apache.maven:maven-artifact:3.5.3",
          "downloads": {
            "artifact": {
              "path": "org/apache/maven/maven-artifact/3.5.3/maven-artifact-3.5.3.jar",
              "url": "https://maven.minecraftforge.net/org/apache/maven/maven-artifact/3.5.3/maven-artifact-3.5.3.jar",
              "sha1": "7dc72b6d6d8a6dced3d294ed54c2cc3515ade9f4",
              "size": 54961
            }
          }
        },
        {
          "name": "net.sf.jopt-simple:jopt-simple:5.0.3",
          "downloads": {
            "artifact": {
              "path": "net/sf/jopt-simple/jopt-simple/5.0.3/jopt-simple-5.0.3.jar",
              "url": "https://libraries.minecraft.net/net/sf/jopt-simple/jopt-simple/5.0.3/jopt-simple-5.0.3.jar",
              "sha1": "cdd846cfc4e0f7eefafc02c0f5dce32b9303aa2a",
              "size": 78175
            }
          }
        },
        {
          "name": "org.apache.logging.log4j:log4j-api:2.15.0",
          "downloads": {
            "artifact": {
              "path": "org/apache/logging/log4j/log4j-api/2.15.0/log4j-api-2.15.0.jar",
              "url": "https://maven.minecraftforge.net/org/apache/logging/log4j/log4j-api/2.15.0/log4j-api-2.15.0.jar",
              "sha1": "4a5aa7e55a29391c6f66e0b259d5189aa11e45d0",
              "size": 301804
            }
          }
        },
        {
          "name": "org.apache.logging.log4j:log4j-core:2.15.0",
          "downloads": {
            "artifact": {
              "path": "org/apache/logging/log4j/log4j-core/2.15.0/log4j-core-2.15.0.jar",
              "url": "https://maven.minecraftforge.net/org/apache/logging/log4j/log4j-core/2.15.0/log4j-core-2.15.0.jar",
              "sha1": "ba55c13d7ac2fd44df9cc8074455719a33f375b9",
              "size": 1789769
            }
          }
        }
      ],
      "logging": {},
      "type": "release",
      "time": "2021-12-13T12:40:03+08:00",
      "releaseTime": "2021-12-13T12:40:03+08:00"
    },
    {
      "id": "optifine",
      "version": "HD_U_G5",
      "priority": 10000,
      "arguments": {
        "game": [
          "--tweakClass",
          "optifine.OptiFineTweaker"
        ]
      },
      "mainClass": "net.minecraft.launchwrapper.Launch",
      "libraries": [
        {
          "name": "optifine:OptiFine:1.12.2_HD_U_G5"
        },
        {
          "name": "optifine:launchwrapper-of:2.2"
        }
      ]
    }
  ]
}